OBJECTID,STATEFP10,COUNTYFP10,TRACTCE10,GEOID10,NAME10,NAMELSAD10,MTFCC10,FUNCSTAT10,ALAND10,AWATER10,INTPTLAT10,INTPTLON10,LOGRECNO,total_requests,median_response_hours,mean_response_hours,median_resolution_days,mean_resolution_days,closed_requests,resolution_rate
1,42,101,009400,42101009400,94,Census Tract 94,G5020,S,366717,0,+39.9632709,-075.2322437,10429,1336,1471.0,2554.1077844311376,39.0,84.25349794238683,1215,90.94311377245509
2,42,101,009500,42101009500,95,Census Tract 95,G5020,S,319070,0,+39.9658709,-075.2379140,10430,1303,1492.0,2825.2716807367615,60.0,91.52805280528052,1212,93.01611665387567
3,42,101,009600,42101009600,96,Census Tract 96,G5020,S,405273,0,+39.9655396,-075.2435075,10431,1629,1481.0,2705.7612031921426,49.0,88.08943089430895,1476,90.60773480662984
4,42,101,013800,42101013800,138,Census Tract 138,G5020,S,341256,0,+39.9764504,-075.1771771,10468,1358,1361.0,3079.343888070692,30.0,103.52664092664092,1295,95.36082474226805
5,42,101,013900,42101013900,139,Census Tract 139,G5020,S,562934,0,+39.9750563,-075.1711846,10469,951,747.0,2569.9537329127234,14.0,80.9803707742639,917,96.4248159831756
6,42,101,014000,42101014000,140,Census Tract 140,G5020,S,439802,0,+39.9735358,-075.1630966,10470,1878,764.0,2062.9110756123537,15.0,65.28795518207284,1785,95.0479233226837
7,42,101,014100,42101014100,141,Census Tract 141,G5020,S,562132,0,+39.9708771,-075.1524555,10471,1153,433.0,2213.634865568083,8.0,62.15135135135135,1110,96.27059843885516
8,42,101,014200,42101014200,142,Census Tract 142,G5020,S,789935,277434,+39.9652375,-075.1359612,10472,2929,380.0,1884.4185728917719,6.0,51.82106375484325,2839,96.92727893479002
9,42,101,014300,42101014300,143,Census Tract 143,G5020,S,570015,282808,+39.9671225,-075.1265617,10473,1727,214.0,1951.404748118124,5.0,56.53236539624925,1653,95.71511291256513
10,42,101,014400,42101014400,144,Census Tract 144,G5020,S,609439,0,+39.9722286,-075.1400952,10474,3235,386.0,1987.7397217928904,7.0,62.64912280701754,3078,95.14683153013911
11,42,101,014500,42101014500,145,Census Tract 145,G5020,S,321464,0,+39.9760715,-075.1484189,10475,777,466.0,1910.045045045045,11.0,61.304,750,96.52509652509652
12,42,101,014600,42101014600,146,Census Tract 146,G5020,S,445048,0,+39.9764305,-075.1546990,10476,467,596.0,2705.576017130621,9.0,83.38181818181818,440,94.21841541755889
13,42,101,014700,42101014700,147,Census Tract 147,G5020,S,337677,0,+39.9785489,-075.1620244,10477,967,1167.0,2278.53050672182,21.0,70.79540481400437,914,94.51913133402276
14,42,101,014800,42101014800,148,Census Tract 148,G5020,S,191126,0,+39.9802047,-075.1691610,10478,370,1056.5,2788.1135135135137,22.0,83.73590504451039,337,91.08108108108108
15,42,101,014900,42101014900,149,Census Tract 149,G5020,S,453221,0,+39.9816503,-075.1804029,10479,2261,1291.0,3164.2131800088455,22.0,104.82983682983684,2145,94.86952675807166
16,42,101,015200,42101015200,152,Census Tract 152,G5020,S,669101,0,+39.9854546,-075.1700491,10482,1598,1295.0,2827.4198998748434,30.0,93.50994694960212,1508,94.36795994993741
17,42,101,015300,42101015300,153,Census Tract 153,G5020,S,469136,0,+39.9837644,-075.1608849,10483,1401,977.0,2117.753033547466,18.0,64.7046317388003,1317,94.00428265524626
18,42,101,015600,42101015600,156,Census Tract 156,G5020,S,429567,0,+39.9790066,-075.1418910,10484,1646,869.0,2664.8620899149455,14.0,86.58021559923907,1577,95.80801944106926
19,42,101,019000,42101019000,190,Census Tract 190,G5020,S,778606,12639,+40.0095015,-075.0986136,10517,1380,1315.0,3553.134782608696,17.0,128.7393292682927,1312,95.07246376811594
20,42,101,019100,42101019100,191,Census Tract 191,G5020,S,1439101,20770,+40.0095510,-075.1071820,10518,1607,996.0,2919.635967641568,14.0,104.9375,1520,94.58618543870566
21,42,101,019200,42101019200,192,Census Tract 192,G5020,S,656913,0,+40.0006393,-075.1150648,10519,2710,859.0,3175.170110701107,11.0,107.99395405078597,2481,91.54981549815498
22,42,101,019700,42101019700,197,Census Tract 197,G5020,S,450587,0,+40.0162799,-075.1379372,10522,1499,1024.0,3470.1334222815212,12.0,125.06277372262774,1370,91.39426284189459
23,42,101,019800,42101019800,198,Census Tract 198,G5020,S,541006,0,+40.0107245,-075.1421472,10523,1391,899.0,3015.806613946801,13.0,104.74923312883436,1304,93.74550682961898
24,42,101,019900,42101019900,199,Census Tract 199,G5020,S,661884,0,+40.0048515,-075.1435463,10524,1713,937.0,3429.242848803269,8.0,113.8001249219238,1601,93.46176298890835
25,42,101,020000,42101020000,200,Census Tract 200,G5020,S,316676,0,+40.0025289,-075.1508995,10525,838,788.0,3015.54892601432,8.0,91.01401273885351,785,93.67541766109785
26,42,101,020200,42101020200,202,Census Tract 202,G5020,S,756814,0,+40.0081282,-075.1621609,10528,2082,1059.0,3018.718539865514,26.0,104.00471698113208,1908,91.64265129682997
27,42,101,020300,42101020300,203,Census Tract 203,G5020,S,508176,0,+40.0125820,-075.1495922,10529,1466,802.0,2679.179399727149,9.0,88.10661764705883,1360,92.76944065484311
28,42,101,020400,42101020400,204,Census Tract 204,G5020,S,407372,0,+40.0198216,-075.1525117,10530,1384,1375.5,3113.2449421965316,15.0,103.56136183689628,1263,91.25722543352602
29,42,101,020500,42101020500,205,Census Tract 205,G5020,S,1429510,0,+40.0158738,-075.1643607,10531,1273,1030.0,3044.2199528672427,11.0,98.33615580016935,1181,92.77297721916732
30,42,101,020600,42101020600,206,Census Tract 206,G5020,S,1295848,56842,+40.0198000,-075.1827740,10532,314,834.0,3551.140127388535,7.0,113.32068965517242,290,92.35668789808918
31,42,101,001300,42101001300,13,Census Tract 13,G5020,S,727889,60713,+39.9445258,-075.1862050,10354,2681,291.0,2112.999627004849,6.0,57.78828125,2560,95.48675867213726
32,42,101,001400,42101001400,14,Census Tract 14,G5020,S,315832,0,+39.9429436,-075.1715930,10355,2435,261.0,1760.6685831622176,7.0,52.81528662420382,2355,96.71457905544148
33,42,101,001500,42101001500,15,Census Tract 15,G5020,S,239383,0,+39.9419037,-075.1591158,10356,1654,207.0,1374.8893591293834,5.0,36.73680904522613,1592,96.2515114873035
34,42,101,001600,42101001600,16,Census Tract 16,G5020,S,196392,0,+39.9402546,-075.1483127,10357,1584,307.5,2064.78851010101,6.0,52.40215198386012,1487,93.87626262626263
35,42,101,001700,42101001700,17,Census Tract 17,G5020,S,221530,0,+39.9377593,-075.1483114,10358,920,261.5,2050.342391304348,7.0,52.86936416184971,865,94.02173913043478
36,42,101,001800,42101001800,18,Census Tract 18,G5020,S,242483,0,+39.9399998,-075.1593091,10359,1252,339.5,2248.4544728434503,8.0,69.06677796327212,1198,95.68690095846645
37,42,101,001900,42101001900,19,Census Tract 19,G5020,S,328327,0,+39.9400454,-075.1722270,10360,1717,314.0,1936.764705882353,7.0,46.225531914893615,1645,95.80663948747817
38,42,101,002000,42101002000,20,Census Tract 20,G5020,S,289368,0,+39.9381416,-075.1843145,10361,1524,570.0,2075.183070866142,9.0,64.05310344827586,1450,95.14435695538059
39,42,101,002100,42101002100,21,Census Tract 21,G5020,S,237519,0,+39.9372214,-075.1768955,10362,1359,433.0,2215.974981604121,6.0,61.96284584980237,1265,93.08314937454011
40,42,101,002200,42101002200,22,Census Tract 22,G5020,S,228696,0,+39.9364111,-075.1703923,10363,1378,404.5,2285.3824383164006,7.0,63.85,1300,94.33962264150944
41,42,101,002300,42101002300,23,Census Tract 23,G5020,S,212379,0,+39.9348217,-075.1629799,10364,1067,533.0,2499.3992502343017,7.0,76.33134328358209,1005,94.18931583880038
42,42,101,002400,42101002400,24,Census Tract 24,G5020,S,535421,0,+39.9367634,-075.1595100,10365,2599,377.0,2177.7468257021933,8.0,65.10224948875256,2445,94.07464409388227
43,42,101,002500,42101002500,25,Census Tract 25,G5020,S,398697,0,+39.9342960,-075.1498023,10366,1597,688.0,2826.97745773325,9.0,87.32234185733513,1486,93.04946775203507
44,42,101,002900,42101002900,29,Census Tract 29,G5020,S,370217,0,+39.9306984,-075.1655729,10371,1793,473.0,2073.707752370329,7.0,53.33020527859237,1705,95.0920245398773
45,42,101,003100,42101003100,31,Census Tract 31,G5020,S,395908,0,+39.9323428,-075.1779572,10374,2201,624.0,2444.522035438437,10.0,81.50914340712224,2078,94.41163107678328
46,42,101,005000,42101005000,50,Census Tract 50,G5020,S,4504459,3340294,+39.8898768,-075.1691412,10389,25,70.0,1278.4,2.0,39.6,25,100.0
47,42,101,005400,42101005400,54,Census Tract 54,G5020,S,1846253,530013,+39.8904539,-075.2513923,10390,376,1558.0,2676.31914893617,54.0,80.51532033426184,359,95.47872340425532
48,42,101,005500,42101005500,55,Census Tract 55,G5020,S,1168442,12010,+39.9074191,-075.2489174,10391,1471,1511.0,2766.0829367777023,47.0,91.05433186490455,1362,92.59007477906187
49,42,101,005600,42101005600,56,Census Tract 56,G5020,S,840411,0,+39.8988328,-075.2447347,10392,462,1758.5,3507.1753246753246,15.5,78.8609865470852,446,96.53679653679653
50,42,101,006000,42101006000,60,Census Tract 60,G5020,S,1089657,0,+39.9115196,-075.2381570,10393,1486,1537.0,2923.9596231493942,61.0,96.72941176470589,1360,91.52086137281292
51,42,101,006100,42101006100,61,Census Tract 61,G5020,S,534201,0,+39.9150013,-075.2288094,10394,791,1510.0,2594.73198482933,56.0,86.27198917456022,739,93.42604298356511
52,42,101,006200,42101006200,62,Census Tract 62,G5020,S,509636,0,+39.9194134,-075.2335257,10395,1007,1530.0,2680.8331678252234,50.0,81.8073593073593,924,91.75769612711024
53,42,101,006300,42101006300,63,Census Tract 63,G5020,S,555602,0,+39.9210843,-075.2399762,10396,1240,1579.5,2910.6677419354837,62.0,97.61140350877193,1140,91.93548387096774
54,42,101,010000,42101010000,100,Census Tract 100,G5020,S,497695,0,+39.9710834,-075.2503759,10434,1328,1513.0,3048.20406626506,61.0,102.99284578696343,1258,94.7289156626506
55,42,101,010100,42101010100,101,Census Tract 101,G5020,S,601437,0,+39.9721396,-075.2425290,10435,1999,1510.0,3246.8274137068533,61.0,111.27067669172932,1862,93.14657328664332
56,42,101,010200,42101010200,102,Census Tract 102,G5020,S,360618,0,+39.9680830,-075.2316701,10436,1118,1534.0,3111.9892665474063,60.0,104.4135265700483,1035,92.57602862254025
57,42,101,010300,42101010300,103,Census Tract 103,G5020,S,281357,0,+39.9678322,-075.2254383,10437,1157,1491.0,3062.8357821953327,61.0,105.14367816091954,1044,90.23336214347451
58,42,101,010400,42101010400,104,Census Tract 104,G5020,S,472051,0,+39.9654995,-075.2191193,10438,1142,1528.5,3357.209281961471,62.0,120.13137996219281,1058,92.6444833625219
59,42,101,010500,42101010500,105,Census Tract 105,G5020,S,657766,0,+39.9665652,-075.2142018,10439,1100,1488.5,3354.878181818182,61.0,117.47383720930233,1032,93.81818181818183
60,42,101,010600,42101010600,106,Census Tract 106,G5020,S,265466,0,+39.9646327,-075.2079213,10440,754,1510.0,3224.4854111405834,61.0,98.30027932960894,716,94.9602122015915
61,42,101,010700,42101010700,107,Census Tract 107,G5020,S,460475,0,+39.9687475,-075.2069442,10441,1526,1486.0,2970.2096985583225,60.0,100.72614107883817,1446,94.75753604193972
62,42,101,010800,42101010800,108,Census Tract 108,G5020,S,585732,0,+39.9660217,-075.1989890,10442,1564,1465.0,2810.884271099744,43.0,98.18224932249322,1476,94.37340153452686
63,42,101,010900,42101010900,109,Census Tract 109,G5020,S,248168,0,+39.9649286,-075.1917650,10443,663,1475.0,2682.481146304676,35.5,89.91009463722398,634,95.62594268476622
64,42,101,011000,42101011000,110,Census Tract 110,G5020,S,472868,0,+39.9737291,-075.2062951,10444,1427,1482.0,3014.535388927821,43.0,101.8656603773585,1325,92.8521373510862
65,42,101,011100,42101011100,111,Census Tract 111,G5020,S,1301411,0,+39.9752003,-075.2215745,10445,2286,1524.5,3330.9536307961503,61.0,108.65725606736008,2019,88.32020997375328
66,42,101,011200,42101011200,112,Census Tract 112,G5020,S,503162,0,+39.9736041,-075.2336533,10446,1694,1532.0,3130.29279811098,60.0,109.40051513200258,1553,91.67650531286895
67,42,101,011300,42101011300,113,Census Tract 113,G5020,S,334899,0,+39.9786554,-075.2353346,10447,1208,1734.5,3863.1349337748343,62.0,136.28017621145375,1135,93.95695364238411
68,42,101,011400,42101011400,114,Census Tract 114,G5020,S,972947,0,+39.9807388,-075.2440178,10448,2098,1512.0,3292.1253574833177,61.0,114.06384065372829,1958,93.32697807435653
69,42,101,015700,42101015700,157,Census Tract 157,G5020,S,485211,0,+39.9780463,-075.1355242,10485,2338,524.0,2558.589392643285,8.0,86.2599645704163,2258,96.57827202737383
70,42,101,015800,42101015800,158,Census Tract 158,G5020,S,580218,0,+39.9735773,-075.1294327,10486,3195,526.0,2224.075117370892,8.0,68.0260078023407,3076,96.2754303599374
71,42,101,016000,42101016000,160,Census Tract 160,G5020,S,720839,0,+39.9793809,-075.1231903,10487,3491,750.0,2982.466628473217,12.0,100.68588770864947,3295,94.38556287596677
72,42,101,016100,42101016100,161,Census Tract 161,G5020,S,707586,0,+39.9844571,-075.1275250,10488,4755,503.0,2464.8725552050473,8.5,79.59798334064007,4562,95.94111461619347
73,42,101,016200,42101016200,162,Census Tract 162,G5020,S,364983,0,+39.9840197,-075.1384217,10489,1054,1068.0,3303.5853889943073,13.0,105.94248234106962,991,94.02277039848197
74,42,101,016300,42101016300,163,Census Tract 163,G5020,S,572226,0,+39.9885061,-075.1339156,10490,1782,576.0,2198.6969696969695,9.0,68.3060141509434,1696,95.17396184062851
75,42,101,016400,42101016400,164,Census Tract 164,G5020,S,485026,0,+39.9896437,-075.1431665,10491,1241,880.0,2373.56567284448,13.0,74.78730703259005,1166,93.95648670427074
76,42,101,016500,42101016500,165,Census Tract 165,G5020,S,394713,0,+39.9890550,-075.1491723,10492,1218,524.0,2300.97947454844,9.0,73.87876182287188,1163,95.48440065681444
77,42,101,016600,42101016600,166,Census Tract 166,G5020,S,261133,0,+39.9890491,-075.1536062,10493,560,1065.0,3141.6696428571427,12.0,94.0214424951267,513,91.60714285714285
78,42,101,016800,42101016800,168,Census Tract 168,G5020,S,581301,0,+39.9917820,-075.1676540,10496,1380,1209.5,2883.939130434783,27.0,93.85101404056162,1282,92.89855072463769
79,42,101,003901,42101003901,39.01,Census Tract 39.01,G5020,S,420397,0,+39.9238262,-075.1732854,10381,2246,526.0,2447.5627782724846,8.0,74.0687237026648,2139,95.2359750667854
80,42,101,016902,42101016902,169.02,Census Tract 169.02,G5020,S,563700,0,+39.9939857,-075.1831934,10498,1754,1294.5,3120.4110604332955,27.0,103.41538461538461,1625,92.64538198403649
81,42,101,016901,42101016901,169.01,Census Tract 169.01,G5020,S,512907,0,+39.9930523,-075.1758394,10497,1679,1193.0,2672.4443120905303,29.0,91.41354838709677,1550,92.31685527099464
82,42,101,020700,42101020700,207,Census Tract 207,G5020,S,1428274,99543,+40.0126929,-075.1944867,10533,1644,1032.5,2949.348540145985,8.0,84.6870925684485,1534,93.30900243309003
83,42,101,020800,42101020800,208,Census Tract 208,G5020,S,880647,0,+40.0213151,-075.1936140,10534,142,668.0,2827.387323943662,7.0,89.94444444444444,126,88.73239436619718
84,42,101,020900,42101020900,209,Census Tract 209,G5020,S,509953,35428,+40.0186576,-075.2089795,10535,761,838.0,2863.9802890932983,9.0,96.1921458625526,713,93.69250985545335
85,42,101,021000,42101021000,210,Census Tract 210,G5020,S,858223,55719,+40.0244730,-075.2151045,10536,1375,638.0,2598.615272727273,9.0,79.12762645914397,1285,93.45454545454545
86,42,101,021100,42101021100,211,Census Tract 211,G5020,S,540313,0,+40.0264564,-075.2065293,10537,578,825.5,2603.8667820069204,8.0,76.83935018050542,554,95.8477508650519
87,42,101,021200,42101021200,212,Census Tract 212,G5020,S,515705,0,+40.0348390,-075.2125337,10538,500,1559.5,3425.204,24.0,116.63481953290871,471,94.19999999999999
88,42,101,021300,42101021300,213,Census Tract 213,G5020,S,538876,0,+40.0322339,-075.2181175,10539,851,870.0,2750.4042303172737,12.0,83.59416767922235,823,96.70975323149236
89,42,101,021400,42101021400,214,Census Tract 214,G5020,S,607138,56535,+40.0279290,-075.2240827,10540,1516,429.5,2041.2678100263852,7.0,56.18741450068399,1462,96.43799472295514
90,42,101,021500,42101021500,215,Census Tract 215,G5020,S,1003279,40236,+40.0350417,-075.2288249,10541,1107,863.0,2860.216802168022,10.0,86.7581764122894,1009,91.1472448057814
91,42,101,021600,42101021600,216,Census Tract 216,G5020,S,1991850,111706,+40.0436758,-075.2403985,10542,534,505.5,2211.6760299625466,5.0,54.32577319587629,485,90.82397003745318
92,42,101,024100,42101024100,241,Census Tract 241,G5020,S,407855,0,+40.0332734,-075.1759175,10554,541,623.0,2395.129390018484,7.0,72.94003868471954,517,95.56377079482439
93,42,101,024200,42101024200,242,Census Tract 242,G5020,S,532060,0,+40.0285110,-075.1697086,10555,1425,951.0,3353.2266666666665,14.0,125.12091254752852,1315,92.28070175438596
94,42,101,024300,42101024300,243,Census Tract 243,G5020,S,679035,0,+40.0215855,-075.1710376,10556,1259,1156.0,3593.486100079428,16.0,124.30182133564614,1153,91.58061953931693
95,42,101,024400,42101024400,244,Census Tract 244,G5020,S,421189,0,+40.0248284,-075.1638925,10557,1188,1276.0,3417.053872053872,15.0,113.9666357738647,1079,90.82491582491582
96,42,101,024500,42101024500,245,Census Tract 245,G5020,S,801001,0,+40.0333286,-075.1620463,10558,1661,1460.0,3123.1041541240215,39.5,111.4658344283837,1522,91.63154726068633
97,42,101,024600,42101024600,246,Census Tract 246,G5020,S,621264,0,+40.0409623,-075.1729016,10559,1016,1457.0,2541.6437007874015,23.0,83.46812957157785,957,94.19291338582677
98,42,101,024700,42101024700,247,Census Tract 247,G5020,S,941266,0,+40.0417034,-075.1645311,10560,1712,1458.5,3338.8008177570096,45.5,122.76154806491886,1602,93.57476635514018
99,42,101,024800,42101024800,248,Census Tract 248,G5020,S,319263,0,+40.0468442,-075.1668818,10561,718,1509.5,3315.724233983287,29.0,101.58850226928895,661,92.06128133704735
100,42,101,024900,42101024900,249,Census Tract 249,G5020,S,325198,0,+40.0511009,-075.1601167,10562,1045,1461.0,2822.7043062200955,35.0,95.81432896064581,991,94.83253588516747
101,42,101,025200,42101025200,252,Census Tract 252,G5020,S,952423,0,+40.0468352,-075.1771588,10563,1774,1494.0,3332.654453213078,33.0,112.279754601227,1630,91.8827508455468
102,42,101,025300,42101025300,253,Census Tract 253,G5020,S,581298,0,+40.0542198,-075.1822200,10564,1393,1434.0,3025.1931083991385,32.0,104.156346749226,1292,92.7494615936827
103,42,101,025400,42101025400,254,Census Tract 254,G5020,S,769760,0,+40.0604202,-075.1760718,10565,993,1439.0,2791.3756294058408,23.0,97.46087888531619,933,93.95770392749245
104,42,101,025500,42101025500,255,Census Tract 255,G5020,S,766603,0,+40.0625796,-075.1840640,10566,620,1139.0,2772.7096774193546,11.0,89.0982456140351,570,91.93548387096774
105,42,101,025600,42101025600,256,Census Tract 256,G5020,S,863997,1979,+40.0683411,-075.1883025,10567,551,1268.0,3034.266787658802,7.0,97.08490566037736,530,96.18874773139746
106,42,101,028300,42101028300,283,Census Tract 283,G5020,S,673067,0,+40.0260505,-075.1438525,10597,1605,908.0,2437.446105919003,9.0,76.41128484024473,1471,91.65109034267913
107,42,101,028400,42101028400,284,Census Tract 284,G5020,S,492451,0,+40.0251577,-075.1381287,10598,1105,1050.0,3211.0633484162895,13.0,107.37865911237016,1059,95.83710407239819
108,42,101,028500,42101028500,285,Census Tract 285,G5020,S,267006,0,+40.0287154,-075.1337359,10599,691,614.0,2479.1447178002895,8.0,84.23639191290825,643,93.05354558610709
109,42,101,028600,42101028600,286,Census Tract 286,G5020,S,717845,0,+40.0285757,-075.1276448,10600,1727,1024.0,3044.9409380428488,12.0,104.94201110425664,1621,93.86218876664736
110,42,101,028700,42101028700,287,Census Tract 287,G5020,S,340972,0,+40.0218194,-075.1314402,10601,675,504.0,3003.645925925926,8.0,102.9953488372093,645,95.55555555555556
111,42,101,028800,42101028800,288,Census Tract 288,G5020,S,442001,0,+40.0222841,-075.1240562,10602,1373,1131.0,3273.225054624909,17.0,116.03467297084319,1269,92.42534595775673
112,42,101,029000,42101029000,290,Census Tract 290,G5020,S,818133,20001,+40.0296096,-075.1166058,10605,1531,1223.0,3632.8896146309603,18.0,130.5805535841022,1409,92.03135205747877
113,42,101,029100,42101029100,291,Census Tract 291,G5020,S,1327550,0,+40.0361323,-075.1074594,10606,898,1490.5,3785.9532293986636,15.0,123.48250904704463,829,92.3162583518931
114,42,101,029200,42101029200,292,Census Tract 292,G5020,S,1732847,28953,+40.0249561,-075.1021580,10607,1047,1059.0,3389.478510028653,11.0,113.82502543234995,983,93.8872970391595
115,42,101,029300,42101029300,293,Census Tract 293,G5020,S,685641,0,+40.0137540,-075.0917655,10608,1077,932.0,2618.689879294336,14.0,84.89366053169734,978,90.80779944289694
116,42,101,029400,42101029400,294,Census Tract 294,G5020,S,647647,0,+40.0094789,-075.0854721,10609,1535,1238.0,3089.343973941368,19.0,103.70514603616134,1438,93.68078175895765
117,42,101,029800,42101029800,298,Census Tract 298,G5020,S,649155,0,+40.0159529,-075.0678013,10610,1714,534.0,2331.0227537922988,11.0,79.47953573610263,1637,95.50758459743291
118,42,101,033300,42101033300,333,Census Tract 333,G5020,S,1011566,0,+40.0550147,-075.0440558,10644,1532,1034.5,3358.9719321148823,15.0,119.82656572608397,1453,94.84334203655352
119,42,101,033400,42101033400,334,Census Tract 334,G5020,S,1218434,0,+40.0535052,-075.0529610,10645,1166,1251.0,3405.5771869639793,14.0,106.5650623885918,1122,96.22641509433963
120,42,101,033500,42101033500,335,Census Tract 335,G5020,S,942793,0,+40.0546014,-075.0648677,10646,735,1270.0,2970.6761904761906,17.0,110.32398316970547,713,97.00680272108843
121,42,101,033600,42101033600,336,Census Tract 336,G5020,S,1153639,0,+40.0614785,-075.0592350,10647,1171,1390.0,3547.543979504697,29.0,127.1385435168739,1126,96.15713065755764
122,42,101,033800,42101033800,338,Census Tract 338,G5020,S,1400220,0,+40.0626481,-075.0736440,10650,1467,1259.0,3101.433537832311,19.0,109.48002853067047,1402,95.56918882072256
123,42,101,033900,42101033900,339,Census Tract 339,G5020,S,1141156,0,+40.0685560,-075.0873418,10651,670,1465.0,3637.8149253731344,21.0,133.85624012638232,633,94.47761194029852
124,42,101,034000,42101034000,340,Census Tract 340,G5020,S,763893,729,+40.0711759,-075.0735007,10652,555,1385.0,3689.893693693694,16.5,128.00559701492537,536,96.57657657657658
125,42,101,034100,42101034100,341,Census Tract 341,G5020,S,1333267,0,+40.0763415,-075.0806938,10653,1465,220.0,2105.8723549488054,5.0,73.0488856937455,1391,94.94880546075085
126,42,101,034200,42101034200,342,Census Tract 342,G5020,S,1000768,0,+40.0825947,-075.0721585,10654,516,1634.5,3468.0562015503874,27.0,119.82758620689656,493,95.54263565891473
127,42,101,980200,42101980200,9802,Census Tract 9802,G5020,S,5200674,250845,+40.0714709,-075.0443910,10710,823,427.0,2694.102065613609,2.0,41.82539682539682,756,91.85905224787363
128,42,101,034400,42101034400,344,Census Tract 344,G5020,S,3399171,13905,+40.0943325,-075.0564419,10655,1446,973.0,2591.647302904564,10.0,76.18611309949893,1397,96.61134163208852
129,42,101,034600,42101034600,346,Census Tract 346,G5020,S,1853669,5746,+40.0708314,-075.0207264,10658,376,629.5,3204.06914893617,8.5,109.88068181818181,352,93.61702127659575
130,42,101,006400,42101006400,64,Census Tract 64,G5020,S,645368,16097,+39.9251805,-075.2428396,10397,1253,1753.0,3112.61053471668,63.0,111.79898218829517,1179,94.09417398244214
131,42,101,006500,42101006500,65,Census Tract 65,G5020,S,1111283,29425,+39.9330955,-075.2318406,10398,1488,1556.0,3056.2204301075267,55.0,91.00292825768668,1366,91.8010752688172
132,42,101,006600,42101006600,66,Census Tract 66,G5020,S,651244,0,+39.9293155,-075.2298425,10399,1020,1527.5,2807.719607843137,56.0,90.5290948275862,928,90.98039215686275
133,42,101,036301,42101036301,363.01,Census Tract 363.01,G5020,S,2322732,66075,+40.0895349,-074.9667387,10681,1031,544.0,3771.9030067895246,4.0,125.22011952191235,1004,97.3811833171678
134,42,101,036400,42101036400,364,Census Tract 364,G5020,S,4501110,8014,+40.1127747,-074.9789137,10684,281,1639.0,4463.053380782918,7.0,127.71272727272728,275,97.86476868327402
135,42,101,036600,42101036600,366,Census Tract 366,G5020,S,1004313,1426278,+39.9470272,-075.1404472,10687,953,304.0,2335.3620146904514,5.0,42.21185510428101,911,95.59286463798531
136,42,101,034803,42101034803,348.03,Census Tract 348.03,G5020,S,1271533,8021,+40.0619427,-075.0023705,10663,759,1054.0,3411.014492753623,9.0,116.2995839112344,721,94.99341238471673
137,42,101,034702,42101034702,347.02,Census Tract 347.02,G5020,S,1016206,0,+40.0570427,-075.0283288,10660,666,602.0,3156.930930930931,6.0,107.4384858044164,634,95.1951951951952
138,42,101,036202,42101036202,362.02,Census Tract 362.02,G5020,S,1116115,2329,+40.0838623,-074.9781805,10679,1071,923.0,3430.091503267974,11.0,120.83921568627451,1020,95.23809523809523
139,42,101,003800,42101003800,38,Census Tract 38,G5020,S,1089154,0,+39.9184658,-075.1831323,10380,1487,1049.0,3077.595158036315,14.0,95.88286334056399,1383,93.00605245460659
140,42,101,008302,42101008302,83.02,Census Tract 83.02,G5020,S,425234,0,+39.9566981,-075.2414378,10416,1873,1539.0,3223.9418045915645,61.0,112.05226881102814,1741,92.95248264815802
141,42,101,017602,42101017602,176.02,Census Tract 176.02,G5020,S,400458,0,+39.9967182,-075.1305528,10507,837,1311.0,3184.9283154121863,14.0,95.13612565445027,764,91.27837514934289
142,42,101,001002,42101001002,10.02,Census Tract 10.02,G5020,S,471662,0,+39.9450045,-075.1466193,10349,1421,257.0,1944.8057705840956,5.0,36.379129129129126,1332,93.73680506685432
143,42,101,001001,42101001001,10.01,Census Tract 10.01,G5020,S,229399,0,+39.9456722,-075.1516020,10348,1149,281.0,1746.6832027850305,5.0,37.394785847299815,1074,93.47258485639686
144,42,101,000402,42101000402,4.02,Census Tract 4.02,G5020,S,303680,0,+39.9532973,-075.1686952,10339,1113,195.0,2095.190476190476,3.0,45.80326295585413,1042,93.62084456424078
145,42,101,000401,42101000401,4.01,Census Tract 4.01,G5020,S,214766,14981,+39.9541871,-075.1758082,10338,564,224.0,1969.799645390071,3.0,48.07736943907157,517,91.66666666666666
146,42,101,012204,42101012204,122.04,Census Tract 122.04,G5020,S,849290,56473,+40.0009407,-075.2120769,10457,727,1519.0,3415.5529573590097,25.5,106.6860119047619,672,92.43466299862449
147,42,101,012203,42101012203,122.03,Census Tract 122.03,G5020,S,226108,0,+40.0074668,-075.2093526,10456,66,833.5,3871.1060606060605,13.0,124.21311475409836,61,92.42424242424242
148,42,101,013602,42101013602,136.02,Census Tract 136.02,G5020,S,234732,0,+39.9715714,-075.1798097,10466,1154,820.5,2604.199306759099,11.0,82.71543985637344,1114,96.53379549393414
149,42,101,034501,42101034501,345.01,Census Tract 345.01,G5020,S,447469,0,+40.0749091,-075.0392089,10656,343,1042.0,3053.5568513119533,28.0,115.79439252336448,321,93.58600583090379
150,42,101,034502,42101034502,345.02,Census Tract 345.02,G5020,S,1009269,0,+40.0814446,-075.0383811,10657,1042,1269.0,2764.066218809981,12.0,93.32335329341318,1002,96.1612284069098
151,42,101,001102,42101001102,11.02,Census Tract 11.02,G5020,S,204062,0,+39.9442654,-075.1566960,10351,1083,238.0,1905.8679593721145,5.0,39.40769230769231,1040,96.02954755309327
152,42,101,000902,42101000902,9.02,Census Tract 9.02,G5020,S,155164,0,+39.9471596,-075.1566389,10347,720,423.0,2472.4347222222223,6.0,42.72837632776935,659,91.52777777777777
153,42,101,000901,42101000901,9.01,Census Tract 9.01,G5020,S,105510,0,+39.9478866,-075.1623004,10346,1387,152.0,1665.9142033165106,3.0,37.08863636363636,1320,95.16943042537851
154,42,101,017201,42101017201,172.01,Census Tract 172.01,G5020,S,262958,0,+39.9993972,-075.1686145,10501,1322,1604.0,3278.4621785173977,28.0,96.99744897959184,1176,88.95612708018155
155,42,101,017202,42101017202,172.02,Census Tract 172.02,G5020,S,290610,0,+39.9986670,-075.1742061,10502,1428,1200.5,2989.5336134453783,31.0,98.52737085582113,1297,90.82633053221288
156,42,101,027401,42101027401,274.01,Census Tract 274.01,G5020,S,326659,0,+40.0386049,-075.1286496,10586,801,498.0,2679.347066167291,7.0,86.98157894736842,760,94.88139825218477
157,42,101,020101,42101020101,201.01,Census Tract 201.01,G5020,S,483577,0,+40.0036824,-075.1553072,10526,1521,1333.0,2721.2031558185404,30.5,92.44130127298445,1414,92.96515450361605
158,42,101,020102,42101020102,201.02,Census Tract 201.02,G5020,S,373125,0,+40.0111415,-075.1545676,10527,1570,1260.5,2950.048407643312,29.0,98.137321549966,1471,93.69426751592357
159,42,101,031101,42101031101,311.01,Census Tract 311.01,G5020,S,349649,0,+40.0422496,-075.0785449,10622,853,937.0,2774.773739742087,22.5,96.9647201946472,822,96.36576787807736
160,42,101,031102,42101031102,311.02,Census Tract 311.02,G5020,S,397973,0,+40.0370850,-075.0833729,10623,908,1534.0,3521.6662995594716,24.5,131.11888111888112,858,94.49339207048459
161,42,101,019502,42101019502,195.02,Census Tract 195.02,G5020,S,370302,0,+40.0034030,-075.1300445,10521,849,982.0,3197.9811542991756,15.0,114.02130325814537,798,93.99293286219081
162,42,101,019501,42101019501,195.01,Census Tract 195.01,G5020,S,393883,0,+40.0004303,-075.1316227,10520,1276,846.0,2720.0556426332287,11.0,83.36707818930041,1215,95.21943573667711
163,42,101,028901,42101028901,289.01,Census Tract 289.01,G5020,S,598655,0,+40.0171008,-075.1151820,10603,806,1292.0,3575.2009925558314,19.0,121.3372859025033,759,94.16873449131513
164,42,101,028902,42101028902,289.02,Census Tract 289.02,G5020,S,772294,6267,+40.0216105,-075.1116877,10604,1149,1092.0,3366.066144473455,13.0,119.58768656716418,1072,93.29852045256744
165,42,101,033101,42101033101,331.01,Census Tract 331.01,G5020,S,486954,0,+40.0403093,-075.0379505,10641,1069,777.0,2491.7006548175864,14.0,86.37413622902271,1013,94.76145930776426
166,42,101,033102,42101033102,331.02,Census Tract 331.02,G5020,S,718272,0,+40.0451050,-075.0272869,10642,1068,1411.0,2901.4101123595506,17.0,100.2603550295858,1014,94.9438202247191
167,42,101,031501,42101031501,315.01,Census Tract 315.01,G5020,S,587242,0,+40.0365919,-075.0481642,10628,1331,1124.0,2988.43350864012,11.0,98.12041467304626,1254,94.21487603305785
168,42,101,030501,42101030501,305.01,Census Tract 305.01,G5020,S,377375,0,+40.0428163,-075.0994351,10615,1032,1314.5,3077.5377906976746,32.0,115.32965931863727,998,96.70542635658916
169,42,101,030502,42101030502,305.02,Census Tract 305.02,G5020,S,699246,0,+40.0457206,-075.1046619,10616,1261,1415.0,3341.125297383029,34.0,120.24702886247877,1178,93.41792228390166
170,42,101,009802,42101009802,98.02,Census Tract 98.02,G5020,S,611026,0,+39.9745879,-075.2679037,10433,1317,1483.0,2581.680334092635,37.0,83.99841646872525,1263,95.8997722095672
171,42,101,018001,42101018001,180.01,Census Tract 180.01,G5020,S,387383,0,+39.9810569,-075.1128000,10512,1224,1116.0,3858.3676470588234,13.0,138.68307426597582,1158,94.6078431372549
172,42,101,017702,42101017702,177.02,Census Tract 177.02,G5020,S,489258,0,+39.9950621,-075.1231399,10509,1823,670.0,2778.904552934723,11.0,86.03855140186916,1712,93.91113549094898
173,42,101,017701,42101017701,177.01,Census Tract 177.01,G5020,S,241053,0,+39.9964470,-075.1167526,10508,1805,873.0,3468.526869806094,12.0,113.03013863773357,1659,91.91135734072023
174,42,101,035602,42101035602,356.02,Census Tract 356.02,G5020,S,1394868,1863,+40.1079419,-075.0480601,10671,555,1095.0,3817.4900900900902,12.0,130.64365671641792,536,96.57657657657658
175,42,101,035701,42101035701,357.01,Census Tract 357.01,G5020,S,598625,718,+40.1095846,-075.0286811,10672,437,1097.0,2403.858123569794,13.0,80.91252955082743,423,96.79633867276888
176,42,101,035702,42101035702,357.02,Census Tract 357.02,G5020,S,1559149,0,+40.1130914,-075.0374316,10673,611,1565.0,3282.8068739770865,21.0,114.7135593220339,590,96.56301145662847
177,42,101,035601,42101035601,356.01,Census Tract 356.01,G5020,S,2029707,12498,+40.0973908,-075.0388184,10670,920,648.5,2522.970652173913,7.0,73.6946386946387,858,93.26086956521739
178,42,101,015101,42101015101,151.01,Census Tract 151.01,G5020,S,193072,0,+39.9869632,-075.1857502,10480,600,966.0,2764.5633333333335,22.0,90.9890909090909,550,91.66666666666666
179,42,101,015102,42101015102,151.02,Census Tract 151.02,G5020,S,556570,0,+39.9861430,-075.1794280,10481,1346,1084.0,2794.722882615156,23.0,93.55990602975724,1277,94.87369985141159
180,42,101,036501,42101036501,365.01,Census Tract 365.01,G5020,S,1816093,7168,+40.1290877,-075.0120077,10685,626,1373.0,3584.8578274760384,14.0,112.51945854483925,591,94.40894568690096
181,42,101,980400,42101980400,9804,Census Tract 9804,G5020,S,2923998,51364,+39.8798897,-075.2337414,10712,27,26.0,2397.925925925926,1.0,70.79166666666667,24,88.88888888888889
182,42,101,013402,42101013402,134.02,Census Tract 134.02,G5020,S,238612,0,+39.9653623,-075.1690326,10463,1459,689.0,2412.7210418094587,11.0,79.89221984296931,1401,96.02467443454421
183,42,101,013401,42101013401,134.01,Census Tract 134.01,G5020,S,164058,0,+39.9659574,-075.1752507,10462,825,394.0,2124.6993939393938,7.0,49.74711168164313,779,94.42424242424242
184,42,101,013601,42101013601,136.01,Census Tract 136.01,G5020,S,167625,0,+39.9689697,-075.1785774,10465,748,478.5,2246.889037433155,7.5,66.57062146892656,708,94.6524064171123
185,42,101,037900,42101037900,379,Census Tract 379,G5020,S,1374524,0,+39.9910899,-075.0927158,10696,2106,588.5,3228.2260208926878,10.0,107.45072536268134,1999,94.91927825261158
186,42,101,038200,42101038200,382,Census Tract 382,G5020,S,1828671,25840,+39.9963741,-075.0973643,10699,2086,624.0,2945.4261744966443,11.0,98.12756378189094,1999,95.82933844678811
187,42,101,038000,42101038000,380,Census Tract 380,G5020,S,874602,0,+40.0052279,-075.0807845,10697,1087,1379.0,3857.48758049678,18.0,135.07843137254903,1020,93.83624655013799
188,42,101,038100,42101038100,381,Census Tract 381,G5020,S,3335029,1629584,+40.0189334,-075.0399564,10698,1035,1272.0,3158.2115942028986,7.0,103.51881993896237,983,94.97584541062803
189,42,101,038400,42101038400,384,Census Tract 384,G5020,S,2546785,0,+40.0714163,-075.2332568,10701,412,854.5,3075.3228155339807,6.0,92.82085561497327,374,90.77669902912622
190,42,101,000100,42101000100,1,Census Tract 1,G5020,S,704909,0,+39.9523827,-075.1466628,10335,2732,231.0,1895.183748169839,5.0,45.401408450704224,2556,93.55783308931186
191,42,101,000200,42101000200,2,Census Tract 2,G5020,S,382478,0,+39.9553999,-075.1569775,10336,1305,197.0,1465.9164750957855,5.0,36.599842146803475,1267,97.08812260536398
192,42,101,000300,42101000300,3,Census Tract 3,G5020,S,548342,356,+39.9568780,-075.1716655,10337,1417,332.0,2201.740296400847,5.0,49.55245283018868,1325,93.5074100211715
193,42,101,000500,42101000500,5,Census Tract 5,G5020,S,428783,0,+39.9519534,-075.1581776,10340,4014,19.0,1065.070004982561,0.0,19.115394566623543,3865,96.28799202790235
194,42,101,000600,42101000600,6,Census Tract 6,G5020,S,172655,0,+39.9493845,-075.1583354,10341,942,422.0,2349.567940552017,5.0,49.114045618247296,833,88.42887473460722
195,42,101,000700,42101000700,7,Census Tract 7,G5020,S,246682,7087,+39.9510463,-075.1729143,10342,2081,286.0,2304.7236905333975,4.0,46.91752049180328,1952,93.80105718404613
196,42,101,003200,42101003200,32,Census Tract 32,G5020,S,491790,0,+39.9333011,-075.1854187,10375,2128,652.0,2377.531484962406,10.0,75.2592778335005,1994,93.703007518797
197,42,101,003300,42101003300,33,Census Tract 33,G5020,S,1062354,72863,+39.9384405,-075.1958253,10376,2710,697.0,2490.067527675277,10.0,80.26601941747573,2575,95.01845018450184
198,42,101,003600,42101003600,36,Census Tract 36,G5020,S,964539,0,+39.9279255,-075.1920206,10377,1287,1147.0,3629.10878010878,19.0,123.93936877076412,1204,93.55089355089355
199,42,101,003701,42101003701,37.01,Census Tract 37.01,G5020,S,355619,0,+39.9276728,-075.1806654,10378,1852,855.0,2768.5340172786177,15.0,88.76036342986939,1761,95.08639308855291
200,42,101,003702,42101003702,37.02,Census Tract 37.02,G5020,S,247413,0,+39.9245283,-075.1824354,10379,975,907.0,2943.72,13.0,95.10548977395048,929,95.28205128205128
201,42,101,004101,42101004101,41.01,Census Tract 41.01,G5020,S,374000,0,+39.9229611,-075.1589741,10385,2607,642.0,2320.952052167242,11.0,67.65761086695964,2503,96.01074031453778
202,42,101,004002,42101004002,40.02,Census Tract 40.02,G5020,S,344837,0,+39.9188943,-075.1674160,10384,1446,802.0,2624.3817427385893,9.0,74.39187227866474,1378,95.29737206085753
203,42,101,003902,42101003902,39.02,Census Tract 39.02,G5020,S,452596,0,+39.9167178,-075.1744119,10382,1914,953.0,2760.5726227795194,12.0,81.88423373759647,1814,94.77533960292581
204,42,101,004001,42101004001,40.01,Census Tract 40.01,G5020,S,314952,0,+39.9238035,-075.1662102,10383,1584,475.5,2296.1780303030305,8.0,64.90843688685415,1529,96.52777777777779
205,42,101,004102,42101004102,41.02,Census Tract 41.02,G5020,S,391854,0,+39.9179425,-075.1600629,10386,2155,788.0,3048.5624129930393,15.0,105.81372549019608,2040,94.66357308584686
206,42,101,004202,42101004202,42.02,Census Tract 42.02,G5020,S,453343,0,+39.9168570,-075.1516284,10388,1315,818.0,2778.1209125475284,17.0,96.01940177849636,1237,94.06844106463879
207,42,101,004201,42101004201,42.01,Census Tract 42.01,G5020,S,361679,0,+39.9219554,-075.1512640,10387,1247,761.0,2781.9767441860463,12.0,91.92127303182579,1194,95.74979951884522
208,42,101,007900,42101007900,79,Census Tract 79,G5020,S,377950,0,+39.9504630,-075.2182570,10410,2055,635.0,2182.43503649635,10.0,65.12719078617927,1997,97.17761557177616
209,42,101,008000,42101008000,80,Census Tract 80,G5020,S,430471,0,+39.9506613,-075.2268423,10411,1464,1470.0,2713.242486338798,21.0,86.72046955245781,1363,93.10109289617486
210,42,101,008200,42101008200,82,Census Tract 82,G5020,S,832334,11136,+39.9491574,-075.2444494,10414,2168,1560.0,3335.3542435424356,62.0,117.35977766548763,1979,91.28228782287823
211,42,101,017601,42101017601,176.01,Census Tract 176.01,G5020,S,579127,0,+39.9939260,-075.1343448,10506,1660,522.0,2249.6825301204817,10.0,66.22862571247624,1579,95.12048192771084
212,42,101,008301,42101008301,83.01,Census Tract 83.01,G5020,S,510557,6713,+39.9577810,-075.2467384,10415,1580,1517.5,3171.6582278481014,61.0,111.48514167242571,1447,91.58227848101265
213,42,101,008400,42101008400,84,Census Tract 84,G5020,S,501765,0,+39.9579899,-075.2354681,10417,1639,1554.0,3405.7449664429532,62.0,120.71018276762402,1532,93.47162904209884
214,42,101,008500,42101008500,85,Census Tract 85,G5020,S,621445,0,+39.9568821,-075.2265389,10418,2687,1553.0,3299.323036844064,50.5,105.14342313787638,2524,93.93375511723112
215,42,101,009000,42101009000,90,Census Tract 90,G5020,S,436319,0,+39.9595116,-075.1906245,10425,670,1317.0,2181.2223880597016,17.0,67.52696456086287,649,96.86567164179104
216,42,101,009100,42101009100,91,Census Tract 91,G5020,S,425573,0,+39.9594179,-075.1977245,10426,633,1464.0,2365.6271721958924,21.0,72.09060402684564,596,94.15481832543445
217,42,101,009200,42101009200,92,Census Tract 92,G5020,S,512009,0,+39.9601608,-075.2074723,10427,1050,1450.0,2541.12,20.0,87.83097165991903,988,94.0952380952381
218,42,101,009300,42101009300,93,Census Tract 93,G5020,S,402475,0,+39.9622914,-075.2240225,10428,1632,1488.0,2925.886029411765,52.5,97.75763612217796,1506,92.27941176470588
219,42,101,006700,42101006700,67,Census Tract 67,G5020,S,1001467,0,+39.9242475,-075.2242816,10400,2188,1553.5,2908.3244972577695,61.0,89.64084507042253,1988,90.85923217550274
220,42,101,006900,42101006900,69,Census Tract 69,G5020,S,704352,102803,+39.9306204,-075.2146526,10401,504,1511.5,2546.5734126984125,57.0,85.94904458598727,471,93.45238095238095
221,42,101,007000,42101007000,70,Census Tract 70,G5020,S,469047,0,+39.9351850,-075.2214770,10402,1146,1517.5,2545.3586387434557,54.0,83.53101503759399,1064,92.84467713787086
222,42,101,007200,42101007200,72,Census Tract 72,G5020,S,502614,0,+39.9446370,-075.2332168,10405,1703,1540.0,2947.812096300646,61.0,99.37269841269841,1575,92.48385202583675
223,42,101,007300,42101007300,73,Census Tract 73,G5020,S,387201,0,+39.9448185,-075.2232916,10406,1605,1487.0,2673.3383177570095,35.0,80.99672346002622,1526,95.0778816199377
224,42,101,007400,42101007400,74,Census Tract 74,G5020,S,675930,0,+39.9408575,-075.2143067,10407,2061,1488.0,2966.883066472586,37.0,90.17901234567901,1944,94.32314410480349
225,42,101,007700,42101007700,77,Census Tract 77,G5020,S,322260,0,+39.9463523,-075.2082584,10408,970,1362.5,2803.720618556701,9.0,72.96509009009009,888,91.54639175257732
226,42,101,007800,42101007800,78,Census Tract 78,G5020,S,427404,0,+39.9464580,-075.2162637,10409,2248,907.0,2536.4341637010675,9.0,68.48707482993197,2205,98.08718861209964
227,42,101,011500,42101011500,115,Census Tract 115,G5020,S,370456,0,+39.9773687,-075.2518303,10449,1326,1505.0,2971.5693815987934,55.0,98.88412698412698,1260,95.02262443438913
228,42,101,011700,42101011700,117,Census Tract 117,G5020,S,654019,0,+39.9919070,-075.2404371,10450,294,1494.0,2895.0408163265306,24.5,69.59285714285714,280,95.23809523809523
229,42,101,011800,42101011800,118,Census Tract 118,G5020,S,915129,0,+39.9852889,-075.2357395,10451,1973,1512.0,2983.846933603649,61.0,97.64566505115778,1857,94.1206284845413
230,42,101,011900,42101011900,119,Census Tract 119,G5020,S,691111,0,+39.9861142,-075.2288429,10452,1747,1516.0,3057.224384659416,61.0,99.86658431130327,1619,92.67315397824842
231,42,101,012000,42101012000,120,Census Tract 120,G5020,S,600681,0,+39.9955323,-075.2297466,10453,562,1477.5,2756.576512455516,41.0,91.86617100371747,538,95.72953736654804
232,42,101,012100,42101012100,121,Census Tract 121,G5020,S,876796,5378,+39.9964998,-075.2223795,10454,662,1533.5,3183.737160120846,46.0,102.56792144026187,611,92.29607250755288
233,42,101,012500,42101012500,125,Census Tract 125,G5020,S,864810,49075,+39.9613701,-075.1720837,10458,1251,334.0,2162.5907274180654,4.0,42.35037720033529,1193,95.36370903277378
234,42,101,013100,42101013100,131,Census Tract 131,G5020,S,322157,0,+39.9651312,-075.1507381,10459,537,565.0,2023.5921787709497,6.0,46.354285714285716,525,97.76536312849163
235,42,101,013200,42101013200,132,Census Tract 132,G5020,S,426671,0,+39.9662042,-075.1571335,10460,988,433.5,2097.919028340081,7.0,54.0440251572327,954,96.5587044534413
236,42,101,013300,42101013300,133,Census Tract 133,G5020,S,357932,0,+39.9666126,-075.1629455,10461,1905,423.0,2122.3811023622047,9.0,67.02498642042369,1841,96.64041994750656
237,42,101,013500,42101013500,135,Census Tract 135,G5020,S,404891,0,+39.9693564,-075.1700367,10464,1594,640.5,2420.258469259724,11.0,77.7726975832789,1531,96.04767879548307
238,42,101,013700,42101013700,137,Census Tract 137,G5020,S,589738,0,+39.9772752,-075.1842323,10467,3150,1017.5,2696.247619047619,21.0,87.39361344537815,2975,94.44444444444444
239,42,101,017000,42101017000,170,Census Tract 170,G5020,S,1570376,50400,+40.0078614,-075.1834204,10499,783,1290.0,3012.8378033205618,14.0,87.50966850828729,724,92.46487867177522
240,42,101,017100,42101017100,171,Census Tract 171,G5020,S,1140882,0,+40.0027449,-075.1763248,10500,1572,1492.0,3404.881679389313,28.0,104.36122733612274,1434,91.22137404580153
241,42,101,017300,42101017300,173,Census Tract 173,G5020,S,874586,0,+39.9985707,-075.1609337,10503,1400,1054.0,2557.574285714286,25.0,82.80469341408025,1321,94.35714285714286
242,42,101,017400,42101017400,174,Census Tract 174,G5020,S,353985,0,+39.9962138,-075.1503586,10504,1006,1095.0,3007.406560636183,17.0,103.26960257787326,931,92.54473161033798
243,42,101,017500,42101017500,175,Census Tract 175,G5020,S,719915,6252,+39.9979150,-075.1429842,10505,2054,1043.0,3184.047224926972,15.0,112.72230971128609,1905,92.74586173320351
244,42,101,017800,42101017800,178,Census Tract 178,G5020,S,662905,0,+39.9913734,-075.1173063,10510,3407,614.0,2649.1843263868504,8.0,79.51993769470405,3210,94.21778690930437
245,42,101,017900,42101017900,179,Census Tract 179,G5020,S,714008,0,+39.9870535,-075.1139340,10511,2818,503.0,2644.4084457061745,9.0,80.17951582867784,2685,95.28034066713982
246,42,101,018300,42101018300,183,Census Tract 183,G5020,S,1834680,185387,+39.9956035,-075.0746225,10514,1809,1071.0,2961.6528468767274,10.0,95.27340182648402,1752,96.84908789386401
247,42,101,018400,42101018400,184,Census Tract 184,G5020,S,1285745,949471,+39.9996644,-075.0637363,10515,1015,1066.0,2826.6256157635466,10.0,88.98635886673662,953,93.89162561576356
248,42,101,018800,42101018800,188,Census Tract 188,G5020,S,663288,0,+39.9973659,-075.1058296,10516,3025,619.0,2787.440330578512,9.0,90.03166133048737,2811,92.92561983471074
249,42,101,021700,42101021700,217,Census Tract 217,G5020,S,1559576,0,+40.0450277,-075.2239451,10543,982,1001.0,2632.0,9.0,76.51890756302521,952,96.94501018329939
250,42,101,021800,42101021800,218,Census Tract 218,G5020,S,996088,0,+40.0574759,-075.2324353,10544,495,1192.0,3544.7737373737373,18.0,85.87089201877934,426,86.06060606060606
251,42,101,021900,42101021900,219,Census Tract 219,G5020,S,1410069,51091,+40.0505829,-075.2470033,10545,336,569.5,2526.8958333333335,7.0,73.97523219814242,323,96.13095238095238
252,42,101,022000,42101022000,220,Census Tract 220,G5020,S,2944018,99558,+40.0562177,-075.2520092,10546,296,702.5,2828.7060810810813,5.0,68.68,275,92.9054054054054
253,42,101,980100,42101980100,9801,Census Tract 9801,G5020,S,5476589,240667,+40.0509585,-075.2149160,10709,404,2434.5,4509.6361386138615,3.5,86.03680981595092,326,80.6930693069307
254,42,101,023100,42101023100,231,Census Tract 231,G5020,S,732803,1270,+40.0666637,-075.2038514,10547,317,1296.0,3982.7634069400633,11.5,144.76573426573427,286,90.22082018927445
255,42,101,023500,42101023500,235,Census Tract 235,G5020,S,775430,0,+40.0394435,-075.2007925,10548,470,2064.0,4645.768085106383,8.0,162.84545454545454,440,93.61702127659575
256,42,101,023600,42101023600,236,Census Tract 236,G5020,S,978096,0,+40.0427145,-075.1946940,10549,660,1521.5,3277.0439393939396,7.0,99.89984101748807,629,95.3030303030303
257,42,101,023700,42101023700,237,Census Tract 237,G5020,S,1072973,0,+40.0487394,-075.1886069,10550,1069,1229.0,3240.3835360149674,14.0,107.49031007751938,1032,96.53882132834426
258,42,101,023800,42101023800,238,Census Tract 238,G5020,S,781630,0,+40.0389370,-075.1827038,10551,1095,1244.0,3388.3497716894976,13.0,114.83653846153847,1040,94.97716894977168
259,42,101,023900,42101023900,239,Census Tract 239,G5020,S,486037,2704,+40.0339713,-075.1875115,10552,373,646.0,2636.2037533512066,8.5,85.28735632183908,348,93.2975871313673
260,42,101,024000,42101024000,240,Census Tract 240,G5020,S,617080,0,+40.0280807,-075.1794623,10553,1006,1005.5,3399.3439363817097,16.0,125.19685863874345,955,94.93041749502981
261,42,101,025700,42101025700,257,Census Tract 257,G5020,S,748205,0,+40.0724586,-075.1962708,10568,522,2012.0,3935.235632183908,23.5,136.836,500,95.78544061302682
262,42,101,025800,42101025800,258,Census Tract 258,G5020,S,586719,0,+40.0739801,-075.1823113,10569,320,1141.0,2990.159375,8.0,102.47603833865814,313,97.8125
263,42,101,025900,42101025900,259,Census Tract 259,G5020,S,549415,0,+40.0799255,-075.1759762,10570,843,1585.0,4146.553973902728,61.0,156.23803680981595,815,96.6785290628707
264,42,101,026000,42101026000,260,Census Tract 260,G5020,S,543433,0,+40.0761235,-075.1694560,10571,547,1511.0,3949.26873857404,41.5,137.76037735849056,530,96.89213893967093
265,42,101,026100,42101026100,261,Census Tract 261,G5020,S,649364,0,+40.0704645,-075.1755189,10572,650,1509.0,3878.7415384615383,45.0,136.20760697305863,631,97.07692307692307
266,42,101,026200,42101026200,262,Census Tract 262,G5020,S,555958,0,+40.0664940,-075.1692176,10573,818,1485.0,3399.667481662592,38.0,121.36317780580076,793,96.9437652811736
267,42,101,034801,42101034801,348.01,Census Tract 348.01,G5020,S,1385963,5188,+40.0545325,-075.0163104,10661,836,1452.0,3278.8624401913876,14.0,111.01517067003793,791,94.61722488038278
268,42,101,026302,42101026302,263.02,Census Tract 263.02,G5020,S,704112,0,+40.0687425,-075.1571945,10575,1509,1576.0,3566.2379058979454,34.5,123.57534246575342,1460,96.75281643472499
269,42,101,026400,42101026400,264,Census Tract 264,G5020,S,796819,0,+40.0625462,-075.1620066,10576,1263,1608.0,3476.7711797307998,40.0,117.94003378378379,1184,93.74505146476643
270,42,101,026500,42101026500,265,Census Tract 265,G5020,S,545961,0,+40.0587255,-075.1546921,10577,1330,1641.0,3700.8646616541355,51.5,128.6328,1250,93.98496240601504
271,42,101,026600,42101026600,266,Census Tract 266,G5020,S,913982,0,+40.0634828,-075.1473266,10578,1723,1459.0,2879.35461404527,39.0,98.81159420289855,1656,96.11143354614046
272,42,101,026700,42101026700,267,Census Tract 267,G5020,S,643873,0,+40.0547569,-075.1479247,10579,1839,1451.0,2917.5600870038065,20.5,98.68083900226758,1764,95.92169657422512
273,42,101,026800,42101026800,268,Census Tract 268,G5020,S,774174,0,+40.0555270,-075.1399312,10580,1100,1298.0,2964.493636363636,13.0,94.10137795275591,1016,92.36363636363636
274,42,101,029900,42101029900,299,Census Tract 299,G5020,S,591451,0,+40.0131465,-075.0747146,10611,1445,722.0,2676.934256055363,13.0,91.96317689530686,1385,95.8477508650519
275,42,101,030000,42101030000,300,Census Tract 300,G5020,S,910854,0,+40.0186719,-075.0780880,10612,2241,910.0,2987.800089245872,15.0,102.5361216730038,2104,93.88665774207942
276,42,101,030100,42101030100,301,Census Tract 301,G5020,S,725113,0,+40.0204947,-075.0885046,10613,1590,1174.0,3167.2572327044027,26.5,111.25170998632011,1462,91.9496855345912
277,42,101,030200,42101030200,302,Census Tract 302,G5020,S,901710,0,+40.0259863,-075.0823128,10614,1952,1547.5,3282.4441598360654,17.0,109.74573472757292,1817,93.08401639344262
278,42,101,030600,42101030600,306,Census Tract 306,G5020,S,1007799,0,+40.0504922,-075.0943787,10617,1594,1412.0,3340.405897114178,25.0,117.23968042609853,1502,94.22835633626097
279,42,101,030700,42101030700,307,Census Tract 307,G5020,S,653309,0,+40.0573133,-075.0885390,10618,760,969.5,3736.169736842105,9.0,131.14187327823691,726,95.52631578947368
280,42,101,030800,42101030800,308,Census Tract 308,G5020,S,795704,0,+40.0547831,-075.0819056,10619,870,636.5,3336.962068965517,7.0,110.89878048780488,820,94.25287356321839
281,42,101,030900,42101030900,309,Census Tract 309,G5020,S,645014,0,+40.0437632,-075.0851914,10620,708,1119.0,3113.8290960451977,25.5,107.06952662721893,676,95.48022598870057
282,42,101,031000,42101031000,310,Census Tract 310,G5020,S,1063411,0,+40.0497292,-075.0744541,10621,1188,1100.0,2810.1835016835016,9.0,94.50089126559715,1122,94.44444444444444
283,42,101,031200,42101031200,312,Census Tract 312,G5020,S,429736,0,+40.0354204,-075.0774550,10624,907,791.0,2908.8401323043,7.0,97.9766355140187,856,94.37706725468577
284,42,101,031300,42101031300,313,Census Tract 313,G5020,S,711141,0,+40.0393190,-075.0698140,10625,1030,1500.0,4045.9436893203883,22.0,143.96509240246405,974,94.5631067961165
285,42,101,031600,42101031600,316,Census Tract 316,G5020,S,713953,0,+40.0326126,-075.0590717,10630,1258,1820.0,3366.825119236884,44.0,114.85893155258765,1198,95.23052464228935
286,42,101,031700,42101031700,317,Census Tract 317,G5020,S,881689,0,+40.0306050,-075.0683989,10631,1324,1564.0,2919.6586102719034,22.0,97.8832807570978,1268,95.77039274924472
287,42,101,036303,42101036303,363.03,Census Tract 363.03,G5020,S,2555861,0,+40.1051833,-074.9702250,10683,1207,961.0,3927.5459817729907,10.0,137.3022026431718,1135,94.0347970173985
288,42,101,034701,42101034701,347.01,Census Tract 347.01,G5020,S,1148190,57,+40.0645576,-075.0329783,10659,1181,1064.0,3489.1236240474173,8.0,108.68878923766816,1115,94.41151566469094
289,42,101,034802,42101034802,348.02,Census Tract 348.02,G5020,S,1232182,8014,+40.0687035,-075.0097300,10662,872,732.0,2782.012614678899,10.5,97.34558823529412,816,93.57798165137615
290,42,101,034900,42101034900,349,Census Tract 349,G5020,S,1944040,0,+40.0453848,-075.0090768,10664,1586,1895.5,4515.196721311476,39.0,173.04796802131912,1501,94.64060529634301
291,42,101,035100,42101035100,351,Census Tract 351,G5020,S,997442,666018,+40.0488411,-074.9859716,10665,369,1355.0,3300.728997289973,17.0,118.71847507331378,341,92.41192411924119
292,42,101,035200,42101035200,352,Census Tract 352,G5020,S,1838264,27863,+40.0559122,-074.9907443,10666,793,618.0,2933.931904161412,5.0,90.46448087431693,732,92.3076923076923
293,42,101,035301,42101035301,353.01,Census Tract 353.01,G5020,S,1375222,36973,+40.0659313,-074.9934646,10667,940,988.0,3694.5648936170214,17.0,138.554932735426,892,94.8936170212766
294,42,101,026301,42101026301,263.01,Census Tract 263.01,G5020,S,406340,0,+40.0728148,-075.1637161,10574,808,1483.0,3779.111386138614,23.0,136.08093994778068,766,94.80198019801979
295,42,101,000804,42101000804,8.04,Census Tract 8.04,G5020,S,145453,0,+39.9485646,-075.1677563,10345,1095,427.0,2628.426484018265,4.0,43.84451219512195,984,89.86301369863014
296,42,101,001202,42101001202,12.02,Census Tract 12.02,G5020,S,308560,0,+39.9459117,-075.1699475,10353,1718,225.0,1761.1571594877764,6.0,43.66404833836858,1655,96.33294528521536
297,42,101,001201,42101001201,12.01,Census Tract 12.01,G5020,S,327555,30728,+39.9471666,-075.1798721,10352,1521,261.0,1940.5285996055227,6.0,47.8576512455516,1405,92.37343852728468
298,42,101,000803,42101000803,8.03,Census Tract 8.03,G5020,S,152820,0,+39.9493748,-075.1742489,10344,737,201.0,1805.9918588873813,5.0,27.251076040172165,697,94.57259158751697
299,42,101,980900,42101980900,9809,Census Tract 9809,G5020,S,17228698,3463789,+39.9051799,-075.2174145,10717,726,1485.5,3590.741046831956,19.0,88.66666666666667,690,95.0413223140496
300,42,101,002702,42101002702,27.02,Census Tract 27.02,G5020,S,367673,0,+39.9280114,-075.1495606,10368,1813,561.0,2160.7595146166573,8.0,65.55348837209303,1720,94.87038058466631
301,42,101,003002,42101003002,30.02,Census Tract 30.02,G5020,S,226951,0,+39.9327263,-075.1711915,10373,1590,363.5,2103.6459119496853,8.0,63.55119680851064,1504,94.59119496855347
302,42,101,003001,42101003001,30.01,Census Tract 30.01,G5020,S,226547,0,+39.9290640,-075.1719912,10372,1074,382.0,2128.4571694599626,7.0,61.94031311154599,1022,95.15828677839852
303,42,101,002802,42101002802,28.02,Census Tract 28.02,G5020,S,362690,0,+39.9288001,-075.1614073,10370,1765,472.0,2349.353541076487,9.0,75.34143449911085,1687,95.58073654390935
304,42,101,980700,42101980700,9807,Census Tract 9807,G5020,S,5957147,1730038,+39.9104684,-075.1431656,10715,556,755.0,3190.2086330935253,7.0,75.66231343283582,536,96.40287769784173
305,42,101,002701,42101002701,27.01,Census Tract 27.01,G5020,S,224840,0,+39.9285526,-075.1537033,10367,1536,600.0,2793.029296875,10.0,98.25575101488498,1478,96.22395833333334
306,42,101,980600,42101980600,9806,Census Tract 9806,G5020,S,1286624,0,+39.9055378,-075.1707151,10714,169,76.0,1640.4378698224853,1.0,17.433962264150942,159,94.0828402366864
307,42,101,033701,42101033701,337.01,Census Tract 337.01,G5020,S,973653,0,+40.0672105,-075.0482983,10648,646,1220.0,3171.766253869969,15.0,101.91442953020135,596,92.26006191950464
308,42,101,033702,42101033702,337.02,Census Tract 337.02,G5020,S,1057798,0,+40.0707532,-075.0578212,10649,1006,1501.0,3492.6729622266403,24.0,111.61829652996846,951,94.53280318091451
309,42,101,031502,42101031502,315.02,Census Tract 315.02,G5020,S,578101,0,+40.0392658,-075.0548693,10629,837,1514.0,2947.9964157706095,25.0,95.31180124223603,805,96.1768219832736
310,42,101,031401,42101031401,314.01,Census Tract 314.01,G5020,S,594849,0,+40.0457134,-075.0665728,10626,894,1187.5,3846.2472035794185,26.0,144.62975778546712,867,96.97986577181209
311,42,101,031402,42101031402,314.02,Census Tract 314.02,G5020,S,564136,0,+40.0432797,-075.0602860,10627,916,1070.0,3531.032751091703,13.0,122.90732265446225,874,95.41484716157204
312,42,101,016701,42101016701,167.01,Census Tract 167.01,G5020,S,254046,0,+39.9911965,-075.1619017,10494,1213,1194.0,3016.3322341302555,29.0,106.80577427821522,1143,94.22918384171476
313,42,101,016702,42101016702,167.02,Census Tract 167.02,G5020,S,355103,0,+39.9904175,-075.1578177,10495,1553,924.0,2629.5196394075983,21.0,81.11899791231733,1437,92.53058596265294
314,42,101,027901,42101027901,279.01,Census Tract 279.01,G5020,S,415780,0,+40.0458879,-075.1544482,10592,1462,1435.0,2486.1347469220245,36.0,83.15490909090909,1375,94.04924760601915
315,42,101,027902,42101027902,279.02,Census Tract 279.02,G5020,S,889784,0,+40.0374381,-075.1543087,10593,701,1467.0,2760.104136947218,25.0,80.20092735703246,647,92.29671897289586
316,42,101,008101,42101008101,81.01,Census Tract 81.01,G5020,S,243700,0,+39.9483649,-075.2360506,10412,1060,1533.0,3752.442452830189,61.0,123.17255297679112,991,93.49056603773585
317,42,101,007102,42101007102,71.02,Census Tract 71.02,G5020,S,415761,0,+39.9409204,-075.2282511,10404,1656,1534.0,2931.7530193236717,61.0,102.22459546925566,1545,93.29710144927536
318,42,101,008802,42101008802,88.02,Census Tract 88.02,G5020,S,390951,0,+39.9529808,-075.2027893,10424,904,1217.5,2667.912610619469,7.0,56.49830890642615,887,98.11946902654867
319,42,101,008702,42101008702,87.02,Census Tract 87.02,G5020,S,283566,0,+39.9538114,-075.2070435,10422,1178,505.0,2212.334465195246,8.0,51.04502164502164,1155,98.04753820033956
320,42,101,008701,42101008701,87.01,Census Tract 87.01,G5020,S,259523,0,+39.9535656,-075.2104988,10421,1605,443.0,1843.0292834890965,8.0,44.98213146139119,1567,97.63239875389408
321,42,101,008102,42101008102,81.02,Census Tract 81.02,G5020,S,362526,0,+39.9522216,-075.2345584,10413,1438,1522.5,3548.0876216968013,61.0,126.17454268292683,1312,91.23783031988873
322,42,101,008602,42101008602,86.02,Census Tract 86.02,G5020,S,369142,0,+39.9569725,-075.2167030,10420,1474,1145.5,2417.381275440977,10.0,61.17908309455587,1396,94.70827679782904
323,42,101,037500,42101037500,375,Census Tract 375,G5020,S,1032702,1496,+39.9840699,-075.2551922,10692,905,1476.0,2739.332596685083,21.0,81.78504672897196,856,94.58563535911603
324,42,101,980800,42101980800,9808,Census Tract 9808,G5020,S,2106698,43823,+39.9714517,-075.2621770,10716,250,2897.5,4266.188,3.0,33.69230769230769,208,83.2
325,42,101,018002,42101018002,180.02,Census Tract 180.02,G5020,S,439791,0,+39.9836344,-075.1067096,10513,2093,604.0,3121.5346392737697,11.0,109.07766990291262,1957,93.50215002388916
326,42,101,008801,42101008801,88.01,Census Tract 88.01,G5020,S,184674,0,+39.9539319,-075.1984477,10423,202,523.5,3251.7475247524753,5.0,76.76595744680851,188,93.06930693069307
327,42,101,012201,42101012201,122.01,Census Tract 122.01,G5020,S,380689,2325,+40.0034648,-075.2106388,10455,217,2224.0,3587.557603686636,53.5,113.16666666666667,174,80.18433179723502
328,42,101,009801,42101009801,98.01,Census Tract 98.01,G5020,S,297977,0,+39.9775172,-075.2665972,10432,410,1402.0,2668.20243902439,26.0,84.05291005291005,378,92.19512195121952
329,42,101,007101,42101007101,71.01,Census Tract 71.01,G5020,S,253256,0,+39.9381580,-075.2249984,10403,780,1563.0,3089.6884615384615,61.0,100.06657420249654,721,92.43589743589745
330,42,101,002801,42101002801,28.01,Census Tract 28.01,G5020,S,222950,0,+39.9289729,-075.1568319,10369,1343,432.0,2512.836187639613,8.0,80.43164362519201,1302,96.94713328369322
331,42,101,980500,42101980500,9805,Census Tract 9805,G5020,S,401968,13468,+40.0177581,-075.1441820,10713,58,1058.5,2757.1724137931033,3.5,22.61904761904762,42,72.41379310344827
332,42,101,000801,42101000801,8.01,Census Tract 8.01,G5020,S,99958,12755,+39.9497374,-075.1804054,10343,473,279.0,2137.23044397463,6.0,57.77412280701754,456,96.40591966173362
333,42,101,001101,42101001101,11.01,Census Tract 11.01,G5020,S,174014,0,+39.9449918,-075.1625240,10350,1686,260.5,1932.6696322657176,6.0,42.80224578914535,1603,95.07710557532621
334,42,101,027402,42101027402,274.02,Census Tract 274.02,G5020,S,511360,0,+40.0390702,-075.1251352,10587,1440,880.5,2787.286111111111,9.0,96.00937274693584,1387,96.31944444444444
335,42,101,008601,42101008601,86.01,Census Tract 86.01,G5020,S,252482,0,+39.9537341,-075.2165930,10419,1704,476.5,1933.6660798122066,8.0,42.241169305724725,1642,96.36150234741784
336,42,101,036502,42101036502,365.02,Census Tract 365.02,G5020,S,1733189,0,+40.1235705,-074.9993521,10686,704,1194.5,3087.2258522727275,13.0,103.92815249266862,682,96.875
337,42,101,036700,42101036700,367,Census Tract 367,G5020,S,801969,0,+39.9607248,-075.1439885,10688,2748,283.5,1754.3049490538574,6.0,39.49813710879285,2684,97.67103347889375
338,42,101,037600,42101037600,376,Census Tract 376,G5020,S,717304,0,+39.9599009,-075.1551651,10693,1954,379.0,1847.2635619242578,7.0,42.04814814814815,1890,96.72466734902764
339,42,101,038600,42101038600,386,Census Tract 386,G5020,S,3304398,32066,+40.0582762,-075.2110913,10703,364,864.0,2390.6703296703295,5.0,41.75949367088607,316,86.81318681318682
340,42,101,038500,42101038500,385,Census Tract 385,G5020,S,1338941,2576,+40.0757528,-075.2146234,10702,459,469.0,2192.962962962963,5.0,56.37557603686636,434,94.55337690631809
341,42,101,038700,42101038700,387,Census Tract 387,G5020,S,2053212,22241,+40.0833122,-075.2130770,10704,476,1076.0,2758.9495798319326,5.0,77.31180400890868,449,94.32773109243698
342,42,101,038800,42101038800,388,Census Tract 388,G5020,S,1383530,4751,+40.0571595,-075.1982438,10705,1027,1415.0,3322.2229795520934,11.0,101.64568527918782,985,95.91041869522883
343,42,101,038900,42101038900,389,Census Tract 389,G5020,S,1280551,0,+40.0543431,-075.1682764,10706,855,1484.0,2982.7508771929824,41.0,100.14782608695653,805,94.15204678362574
344,42,101,980000,42101980000,9800,Census Tract 9800,G5020,S,8922478,1508835,+39.9880961,-075.1967773,10708,1823,668.0,2666.437191442677,4.0,54.838071693448704,1618,88.75479978058146
345,42,101,026900,42101026900,269,Census Tract 269,G5020,S,614686,0,+40.0556007,-075.1324048,10581,408,930.0,3138.502450980392,8.0,108.79473684210527,380,93.13725490196079
346,42,101,027000,42101027000,270,Census Tract 270,G5020,S,642216,0,+40.0493231,-075.1331512,10582,522,853.5,3621.235632183908,6.0,113.19409282700423,474,90.80459770114942
347,42,101,027100,42101027100,271,Census Tract 271,G5020,S,372278,39344,+40.0484793,-075.1263611,10583,638,712.5,2847.1097178683385,8.0,97.53333333333333,600,94.04388714733543
348,42,101,027200,42101027200,272,Census Tract 272,G5020,S,679046,794,+40.0472339,-075.1180889,10584,760,1269.5,3364.988157894737,16.0,124.14444444444445,720,94.73684210526315
349,42,101,027300,42101027300,273,Census Tract 273,G5020,S,938011,14079,+40.0377547,-075.1189432,10585,1273,962.0,3105.5326001571093,9.0,100.81521739130434,1196,93.95129615082483
350,42,101,027500,42101027500,275,Census Tract 275,G5020,S,606825,0,+40.0400497,-075.1322707,10588,1053,831.0,2737.130104463438,9.0,90.51020408163265,980,93.06742640075973
351,42,101,027600,42101027600,276,Census Tract 276,G5020,S,663745,0,+40.0429404,-075.1392771,10589,974,1237.0,2611.334702258727,10.0,78.60826985854189,919,94.35318275154005
352,42,101,027700,42101027700,277,Census Tract 277,G5020,S,542404,0,+40.0505444,-075.1512267,10590,1618,1488.0,3073.661928306551,38.0,101.87524883875248,1507,93.13967861557478
353,42,101,027800,42101027800,278,Census Tract 278,G5020,S,724725,0,+40.0425278,-075.1471626,10591,1410,1452.0,2540.239007092199,29.0,79.36519790888723,1339,94.9645390070922
354,42,101,028000,42101028000,280,Census Tract 280,G5020,S,718346,0,+40.0261190,-075.1546481,10594,1496,1274.5,2832.821524064171,22.0,94.15345454545455,1375,91.91176470588235
355,42,101,028100,42101028100,281,Census Tract 281,G5020,S,503541,0,+40.0304473,-075.1491299,10595,1348,1465.0,3207.822700296736,33.0,102.17165354330709,1270,94.21364985163204
356,42,101,028200,42101028200,282,Census Tract 282,G5020,S,855812,0,+40.0348704,-075.1403327,10596,1230,1064.0,2980.917886178862,10.0,99.7170818505338,1124,91.3821138211382
357,42,101,031800,42101031800,318,Census Tract 318,G5020,S,464290,0,+40.0311021,-075.0769892,10632,757,1544.0,3163.479524438573,39.5,115.75774647887324,710,93.79128137384413
358,42,101,031900,42101031900,319,Census Tract 319,G5020,S,773285,0,+40.0230600,-075.0648988,10633,1344,1692.5,3223.7589285714284,39.0,108.71857707509882,1265,94.12202380952381
359,42,101,032000,42101032000,320,Census Tract 320,G5020,S,681549,0,+40.0271751,-075.0548674,10634,2033,1297.0,3015.3836694540087,22.0,104.55383822771768,1941,95.4746679783571
360,42,101,032100,42101032100,321,Census Tract 321,G5020,S,552928,0,+40.0170175,-075.0589752,10635,1032,1376.0,3056.9777131782944,28.5,107.58144329896908,970,93.9922480620155
361,42,101,032300,42101032300,323,Census Tract 323,G5020,S,600043,0,+40.0210898,-075.0515270,10636,1075,1364.0,3492.698604651163,26.0,120.98151750972762,1028,95.62790697674419
362,42,101,032500,42101032500,325,Census Tract 325,G5020,S,839319,0,+40.0263918,-075.0452561,10637,1770,965.0,2868.6553672316386,10.0,95.98506571087216,1674,94.57627118644068
363,42,101,032600,42101032600,326,Census Tract 326,G5020,S,809898,0,+40.0302773,-075.0396263,10638,1679,1698.0,3470.6640857653365,34.5,119.47890025575448,1564,93.15068493150685
364,42,101,989100,42101989100,9891,Census Tract 9891,G5020,S,2664969,1649710,+40.0377830,-075.0034085,10718,170,1080.5,4075.7705882352943,4.0,137.80891719745222,157,92.3529411764706
365,42,101,032900,42101032900,329,Census Tract 329,G5020,S,922922,21617,+40.0379010,-075.0249713,10639,1134,1599.5,3340.8985890652557,22.0,114.67516525023608,1059,93.38624338624338
366,42,101,033000,42101033000,330,Census Tract 330,G5020,S,732860,0,+40.0335974,-075.0338492,10640,1729,1487.0,2798.9577790630424,32.0,97.84778653729533,1649,95.37304800462695
367,42,101,033200,42101033200,332,Census Tract 332,G5020,S,828420,0,+40.0439411,-075.0448281,10643,1319,882.0,2755.1705837755876,14.0,88.84566428003183,1257,95.29946929492039
368,42,101,980300,42101980300,9803,Census Tract 9803,G5020,S,7594331,24435,+40.0812065,-075.0106977,10711,237,2040.0,4484.354430379747,5.0,98.89592760180996,221,93.24894514767934
369,42,101,035500,42101035500,355,Census Tract 355,G5020,S,2290053,1067,+40.0911285,-075.0293244,10669,1231,996.0,2799.2526401299756,14.0,90.60825610783488,1187,96.42567018683997
370,42,101,035800,42101035800,358,Census Tract 358,G5020,S,1757756,2013,+40.1213169,-075.0257898,10674,893,1368.0,2837.0246360582305,13.0,89.18030842230131,843,94.40089585666294
371,42,101,035900,42101035900,359,Census Tract 359,G5020,S,2244717,2511,+40.1103418,-075.0151645,10675,1013,737.0,2354.928923988154,12.0,75.7092419522326,963,95.06416584402764
372,42,101,036000,42101036000,360,Census Tract 360,G5020,S,2043084,638,+40.1042670,-075.0108187,10676,479,1081.0,3479.5135699373695,20.0,130.86222222222221,450,93.94572025052193
373,42,101,036100,42101036100,361,Census Tract 361,G5020,S,1230432,7138,+40.0987766,-074.9907481,10677,520,710.5,3237.7826923076923,13.0,121.28131416837782,487,93.65384615384616
374,42,101,036203,42101036203,362.03,Census Tract 362.03,G5020,S,1475496,68020,+40.0760921,-074.9742967,10680,1044,997.5,3786.2988505747126,11.0,124.61546499477534,957,91.66666666666666
375,42,101,035302,42101035302,353.02,Census Tract 353.02,G5020,S,1498641,17292,+40.0730774,-074.9968713,10668,703,1339.0,4015.8933143669988,20.0,146.2173913043478,667,94.87908961593172
376,42,101,036201,42101036201,362.01,Census Tract 362.01,G5020,S,1031929,15195,+40.0820300,-074.9868079,10678,715,816.0,3199.5426573426575,11.0,113.4517087667162,673,94.12587412587412
377,42,101,036302,42101036302,363.02,Census Tract 363.02,G5020,S,502696,0,+40.0973153,-074.9805151,10682,664,767.5,3068.737951807229,12.0,104.53605015673982,638,96.08433734939759
378,42,101,036900,42101036900,369,Census Tract 369,G5020,S,1859159,193283,+39.9494281,-075.1957548,10689,797,1028.0,3015.944792973651,5.0,57.57948717948718,780,97.86700125470514
379,42,101,037300,42101037300,373,Census Tract 373,G5020,S,2573046,162376,+39.9024981,-075.1879361,10691,905,545.0,2602.6066298342544,7.5,65.4775413711584,846,93.48066298342542
380,42,101,037200,42101037200,372,Census Tract 372,G5020,S,1028984,0,+39.9129487,-075.1599379,10690,1540,920.5,3416.64025974026,10.0,103.71457905544148,1461,94.87012987012987
381,42,101,038300,42101038300,383,Census Tract 383,G5020,S,3064496,0,+40.0108630,-075.1248984,10700,1281,1248.0,3675.183450429352,10.0,124.24259868421052,1216,94.92583918813428
382,42,101,039000,42101039000,390,Census Tract 390,G5020,S,2032689,0,+40.0357300,-075.0938840,10707,1551,1057.0,3349.058027079304,12.0,115.67445054945055,1456,93.8749194068343
383,42,101,037800,42101037800,378,Census Tract 378,G5020,S,3760084,1936838,+39.9805802,-075.0956845,10695,2386,431.5,3040.8218776194467,5.0,81.82678883071553,2292,96.06035205364627
384,42,101,037700,42101037700,377,Census Tract 377,G5020,S,736894,0,+39.9824381,-075.1506932,10694,1157,1026.0,2606.0432152117546,11.0,77.79855465221318,1107,95.67847882454625
