GEOID10,total_requests,median_response_hours,mean_response_hours,median_resolution_days,mean_resolution_days,closed_requests,resolution_rate,median_income,poverty_rate,population,median_home_value,unemployed,requests_per_1000
42101000100,2732,231.0,1895.183748169839,5.0,45.401408450704224,2556,93.55783308931186,,,,,,
42101000200,1305,197.0,1465.9164750957855,5.0,36.599842146803475,1267,97.08812260536398,98994.0,19.205690574985184,3374.0,483700.0,2335.0,386.78126852400715
42101000300,1417,332.0,2201.740296400847,5.0,49.55245283018868,1325,93.5074100211715,95234.0,8.268805309734512,3616.0,669800.0,2386.0,391.8694690265487
42101000401,564,224.0,1969.799645390071,3.0,48.07736943907157,517,91.66666666666666,86293.0,19.33764750666159,2627.0,587400.0,1718.0,214.69356680624284
42101000402,1113,195.0,2095.190476190476,3.0,45.80326295585413,1042,93.62084456424078,,,,,,
42101000500,4014,19.0,1065.070004982561,0.0,19.115394566623543,3865,96.28799202790235,69267.0,21.820062047569806,1934.0,453300.0,1410.0,2075.491209927611
42101000600,942,422.0,2349.567940552017,5.0,49.114045618247296,833,88.42887473460722,97794.0,9.819639278557114,1497.0,,1224.0,629.2585170340681
42101000700,2081,286.0,2304.7236905333975,4.0,46.91752049180328,1952,93.80105718404613,,,,,,
42101000801,473,279.0,2137.23044397463,6.0,57.77412280701754,456,96.40591966173362,126726.0,5.367561260210035,1714.0,724700.0,1240.0,275.96266044340723
42101000803,737,201.0,1805.9918588873813,5.0,27.251076040172165,697,94.57259158751697,82112.0,11.444778111444778,2997.0,744300.0,2079.0,245.91257924591258
42101000804,1095,427.0,2628.426484018265,4.0,43.84451219512195,984,89.86301369863014,,,,,,
42101000901,1387,152.0,1665.9142033165106,3.0,37.08863636363636,1320,95.16943042537851,44926.0,27.88550323176362,2166.0,358500.0,1656.0,640.3508771929825
42101000902,720,423.0,2472.4347222222223,6.0,42.72837632776935,659,91.52777777777777,89063.0,12.62135922330097,2163.0,1036700.0,1581.0,332.871012482663
42101001001,1149,281.0,1746.6832027850305,5.0,37.394785847299815,1074,93.47258485639686,123935.0,5.447184394552815,2717.0,487600.0,1414.0,422.8928965771071
42101001002,1421,257.0,1944.8057705840956,5.0,36.379129129129126,1332,93.73680506685432,144922.0,4.473832301631964,3554.0,543600.0,1936.0,399.831176139561
42101001101,1686,260.5,1932.6696322657176,6.0,42.80224578914535,1603,95.07710557532621,58557.0,22.34423490093101,4189.0,452600.0,2735.0,402.4826927667701
42101001102,1083,238.0,1905.8679593721145,5.0,39.40769230769231,1040,96.02954755309327,107470.0,5.107327905255366,2702.0,775500.0,2023.0,400.81421169504074
42101001201,1521,261.0,1940.5285996055227,6.0,47.8576512455516,1405,92.37343852728468,116935.0,7.7991205739412175,4321.0,846200.0,2942.0,352.00185142328166
42101001202,1718,225.0,1761.1571594877764,6.0,43.66404833836858,1655,96.33294528521536,,,,,,
42101001300,2681,291.0,2112.999627004849,6.0,57.78828125,2560,95.48675867213726,,,,,,
42101001400,2435,261.0,1760.6685831622176,7.0,52.81528662420382,2355,96.71457905544148,89775.0,12.871782054486378,4001.0,664200.0,2661.0,608.5978505373657
42101001500,1654,207.0,1374.8893591293834,5.0,36.73680904522613,1592,96.2515114873035,110859.0,6.143871565297932,3239.0,568300.0,2225.0,510.6514356282803
42101001600,1584,307.5,2064.78851010101,6.0,52.40215198386012,1487,93.87626262626263,146071.0,6.095551894563426,2428.0,698800.0,1761.0,652.3887973640856
42101001700,920,261.5,2050.342391304348,7.0,52.86936416184971,865,94.02173913043478,131635.0,5.439892545332438,2978.0,615500.0,1832.0,308.9321692411014
42101001800,1252,339.5,2248.4544728434503,8.0,69.06677796327212,1198,95.68690095846645,114063.0,4.121212121212121,3300.0,605000.0,2401.0,379.3939393939394
42101001900,1717,314.0,1936.764705882353,7.0,46.225531914893615,1645,95.80663948747817,138500.0,14.026900905846828,3643.0,512300.0,2720.0,471.3148503980236
42101002000,1524,570.0,2075.183070866142,9.0,64.05310344827586,1450,95.14435695538059,103611.0,7.920792079207921,2020.0,336100.0,1417.0,754.4554455445544
42101002100,1359,433.0,2215.974981604121,6.0,61.96284584980237,1265,93.08314937454011,102969.0,8.802369868810834,2363.0,353200.0,1782.0,575.1163774862463
42101002200,1378,404.5,2285.3824383164006,7.0,63.85,1300,94.33962264150944,68412.0,29.873417721518987,2370.0,394000.0,1602.0,581.4345991561182
42101002300,1067,533.0,2499.3992502343017,7.0,76.33134328358209,1005,94.18931583880038,106389.0,5.385392123864019,2971.0,433800.0,1879.0,359.13833726018174
42101002400,2599,377.0,2177.7468257021933,8.0,65.10224948875256,2445,94.07464409388227,98015.0,14.91395793499044,4707.0,469600.0,3102.0,552.1563628638198
42101002500,1597,688.0,2826.97745773325,9.0,87.32234185733513,1486,93.04946775203507,83576.0,18.630389670278994,4337.0,519200.0,2262.0,368.22688494350933
42101002701,1536,600.0,2793.029296875,10.0,98.25575101488498,1478,96.22395833333334,91078.0,14.263281863386549,3821.0,375300.0,2665.0,401.9890081130594
42101002702,1813,561.0,2160.7595146166573,8.0,65.55348837209303,1720,94.87038058466631,95745.0,5.4004992058089405,4407.0,337900.0,2771.0,411.3909689130928
42101002801,1343,432.0,2512.836187639613,8.0,80.43164362519201,1302,96.94713328369322,71352.0,20.075578649031648,4234.0,338000.0,2308.0,317.19414265470004
42101002802,1765,472.0,2349.353541076487,9.0,75.34143449911085,1687,95.58073654390935,78871.0,18.336252189141856,5710.0,350600.0,3338.0,309.10683012259193
42101002900,1793,473.0,2073.707752370329,7.0,53.33020527859237,1705,95.0920245398773,93631.0,10.40863531225906,3891.0,406100.0,2845.0,460.8069904908764
42101003001,1074,382.0,2128.4571694599626,7.0,61.94031311154599,1022,95.15828677839852,59583.0,20.20408163265306,3430.0,245400.0,2124.0,313.1195335276968
42101003002,1590,363.5,2103.6459119496853,8.0,63.55119680851064,1504,94.59119496855347,74213.0,26.900031535793122,3171.0,364900.0,1954.0,501.41911069063383
42101003100,2201,624.0,2444.522035438437,10.0,81.50914340712224,2078,94.41163107678328,78270.0,19.693043651584613,5017.0,297200.0,2629.0,438.7083914690054
42101003200,2128,652.0,2377.531484962406,10.0,75.2592778335005,1994,93.703007518797,58920.0,12.466585662211422,4115.0,198100.0,2204.0,517.1324422843256
42101003300,2710,697.0,2490.067527675277,10.0,80.26601941747573,2575,95.01845018450184,56923.0,29.89182309895005,6286.0,207600.0,3722.0,431.1167674196628
42101003600,1287,1147.0,3629.10878010878,19.0,123.93936877076412,1204,93.55089355089355,40271.0,27.723505032563644,6756.0,190800.0,2985.0,190.4973357015986
42101003701,1852,855.0,2768.5340172786177,15.0,88.76036342986939,1761,95.08639308855291,59837.0,15.861812778603268,5384.0,262200.0,2937.0,343.98216939078753
42101003702,975,907.0,2943.72,13.0,95.10548977395048,929,95.28205128205128,49493.0,16.30144307856761,3742.0,226400.0,1855.0,260.555852485302
42101003800,1487,1049.0,3077.595158036315,14.0,95.88286334056399,1383,93.00605245460659,90221.0,6.413918462736952,3851.0,293400.0,2163.0,386.1334718254999
42101003901,2246,526.0,2447.5627782724846,8.0,74.0687237026648,2139,95.2359750667854,61984.0,14.320346320346319,5775.0,281000.0,4226.0,388.91774891774895
42101003902,1914,953.0,2760.5726227795194,12.0,81.88423373759647,1814,94.77533960292581,78582.0,11.201328658424064,5419.0,278500.0,3012.0,353.20169773020854
42101004001,1584,475.5,2296.1780303030305,8.0,64.90843688685415,1529,96.52777777777779,61583.0,20.84884586746091,4029.0,296400.0,2469.0,393.1496649292628
42101004002,1446,802.0,2624.3817427385893,9.0,74.39187227866474,1378,95.29737206085753,82834.0,10.280728376327769,5272.0,264500.0,3028.0,274.27921092564486
42101004101,2607,642.0,2320.952052167242,11.0,67.65761086695964,2503,96.01074031453778,67992.0,10.557888422315537,5001.0,228600.0,2818.0,521.2957408518296
42101004102,2155,788.0,3048.5624129930393,15.0,105.81372549019608,2040,94.66357308584686,,,,,,
42101004201,1247,761.0,2781.9767441860463,12.0,91.92127303182579,1194,95.74979951884522,88095.0,16.354759967453212,4916.0,256700.0,2435.0,253.6615134255492
42101004202,1315,818.0,2778.1209125475284,17.0,96.01940177849636,1237,94.06844106463879,68419.0,22.337027991733986,5323.0,233200.0,2465.0,247.04114221303777
42101005000,25,70.0,1278.4,2.0,39.6,25,100.0,,,,,,
42101005400,376,1558.0,2676.31914893617,54.0,80.51532033426184,359,95.47872340425532,60000.0,29.614721104082808,1739.0,209600.0,901.0,216.21621621621622
42101005500,1471,1511.0,2766.0829367777023,47.0,91.05433186490455,1362,92.59007477906187,62616.0,24.263698630136986,5840.0,174700.0,3220.0,251.88356164383563
42101005600,462,1758.5,3507.1753246753246,15.5,78.8609865470852,446,96.53679653679653,34523.0,21.00175746924429,1138.0,150400.0,764.0,405.97539543057997
42101006000,1486,1537.0,2923.9596231493942,61.0,96.72941176470589,1360,91.52086137281292,46446.0,22.471374045801525,6288.0,153100.0,2834.0,236.323155216285
42101006100,791,1510.0,2594.73198482933,56.0,86.27198917456022,739,93.42604298356511,41325.0,21.103117505995204,2919.0,131100.0,1550.0,270.9832134292566
42101006200,1007,1530.0,2680.8331678252234,50.0,81.8073593073593,924,91.75769612711024,45502.0,13.76877560309513,4394.0,98600.0,2447.0,229.1761492944925
42101006300,1240,1579.5,2910.6677419354837,62.0,97.61140350877193,1140,91.93548387096774,32347.0,39.455782312925166,4410.0,76600.0,2471.0,281.1791383219955
42101006400,1253,1753.0,3112.61053471668,63.0,111.79898218829517,1179,94.09417398244214,38032.0,37.14040360669815,4658.0,99300.0,2244.0,268.9995706311722
42101006500,1488,1556.0,3056.2204301075267,55.0,91.00292825768668,1366,91.8010752688172,43081.0,19.46597760551249,4644.0,106900.0,2080.0,320.4134366925064
42101006600,1020,1527.5,2807.719607843137,56.0,90.5290948275862,928,90.98039215686275,32946.0,33.204862140527716,3373.0,78300.0,1457.0,302.4014230655203
42101006700,2188,1553.5,2908.3244972577695,61.0,89.64084507042253,1988,90.85923217550274,41581.0,26.16168045830681,7855.0,106600.0,4086.0,278.54869509866325
42101006900,504,1511.5,2546.5734126984125,57.0,85.94904458598727,471,93.45238095238095,,,,,,
42101007000,1146,1517.5,2545.3586387434557,54.0,83.53101503759399,1064,92.84467713787086,38158.0,14.399318375461517,3521.0,85900.0,1550.0,325.4757171258165
42101007101,780,1563.0,3089.6884615384615,61.0,100.06657420249654,721,92.43589743589745,40046.0,30.257320319432118,2254.0,103200.0,819.0,346.05146406388644
42101007102,1656,1534.0,2931.7530193236717,61.0,102.22459546925566,1545,93.29710144927536,34291.0,28.618638466622603,4539.0,84100.0,2075.0,364.8380700594845
42101007200,1703,1540.0,2947.812096300646,61.0,99.37269841269841,1575,92.48385202583675,41226.0,34.02130492676431,4506.0,93200.0,2303.0,377.9405237461163
42101007300,1605,1487.0,2673.3383177570095,35.0,80.99672346002622,1526,95.0778816199377,61488.0,10.804248861911987,3295.0,263300.0,1977.0,487.10166919575113
42101007400,2061,1488.0,2966.883066472586,37.0,90.17901234567901,1944,94.32314410480349,39547.0,27.351961035631888,3901.0,80600.0,1801.0,528.3260702384003
42101007700,970,1362.5,2803.720618556701,9.0,72.96509009009009,888,91.54639175257732,48581.0,22.40067624683009,1183.0,289700.0,1032.0,819.9492814877431
42101007800,2248,907.0,2536.4341637010675,9.0,68.48707482993197,2205,98.08718861209964,61205.0,30.675909878682845,4039.0,592000.0,2899.0,556.5734092597178
42101007900,2055,635.0,2182.43503649635,10.0,65.12719078617927,1997,97.17761557177616,79800.0,13.284412955465589,3952.0,499600.0,2845.0,519.9898785425102
42101008000,1464,1470.0,2713.242486338798,21.0,86.72046955245781,1363,93.10109289617486,63906.0,23.23100936524454,3844.0,264800.0,2274.0,380.8532778355879
42101008101,1060,1533.0,3752.442452830189,61.0,123.17255297679112,991,93.49056603773585,48803.0,32.766912471946135,3119.0,116700.0,1598.0,339.85251683231803
42101008102,1438,1522.5,3548.0876216968013,61.0,126.17454268292683,1312,91.23783031988873,45888.0,16.197765825403394,4834.0,131800.0,2296.0,297.47621017790647
42101008200,2168,1560.0,3335.3542435424356,62.0,117.35977766548763,1979,91.28228782287823,32333.0,32.881128274009406,7445.0,187900.0,2861.0,291.20214909335124
42101008301,1580,1517.5,3171.6582278481014,61.0,111.48514167242571,1447,91.58227848101265,38713.0,30.6753458096013,3687.0,95400.0,1634.0,428.5326823976132
42101008302,1873,1539.0,3223.9418045915645,61.0,112.05226881102814,1741,92.95248264815802,30922.0,30.119735755573906,4844.0,102000.0,2115.0,386.6639141205615
42101008400,1639,1554.0,3405.7449664429532,62.0,120.71018276762402,1532,93.47162904209884,47008.0,25.453871804371992,5398.0,136300.0,2539.0,303.63097443497594
42101008500,2687,1553.0,3299.323036844064,50.5,105.14342313787638,2524,93.93375511723112,45397.0,30.038372985418267,6515.0,162500.0,3504.0,412.43284727551804
42101008601,1704,476.5,1933.6660798122066,8.0,42.241169305724725,1642,96.36150234741784,79367.0,15.448149281125726,3269.0,441700.0,2136.0,521.2603242581829
42101008602,1474,1145.5,2417.381275440977,10.0,61.17908309455587,1396,94.70827679782904,31342.0,25.315656565656564,3168.0,447400.0,1963.0,465.27777777777777
42101008701,1605,443.0,1843.0292834890965,8.0,44.98213146139119,1567,97.63239875389408,59722.0,16.923532898636633,3374.0,579500.0,2563.0,475.696502667457
42101008702,1178,505.0,2212.334465195246,8.0,51.04502164502164,1155,98.04753820033956,36071.0,31.91981495759445,2594.0,646100.0,1913.0,454.1249036237471
42101008801,202,523.5,3251.7475247524753,5.0,76.76595744680851,188,93.06930693069307,36574.0,44.02985074626866,670.0,,978.0,301.4925373134328
42101008802,904,1217.5,2667.912610619469,7.0,56.49830890642615,887,98.11946902654867,21064.0,63.892405063291136,3160.0,807500.0,3282.0,286.07594936708864
42101009000,670,1317.0,2181.2223880597016,17.0,67.52696456086287,649,96.86567164179104,37674.0,53.82932166301969,3199.0,195000.0,3335.0,209.44045014066896
42101009100,633,1464.0,2365.6271721958924,21.0,72.09060402684564,596,94.15481832543445,27266.0,48.34010840108401,2952.0,435800.0,1499.0,214.43089430894307
42101009200,1050,1450.0,2541.12,20.0,87.83097165991903,988,94.0952380952381,43839.0,27.961672473867594,3444.0,281800.0,1971.0,304.8780487804878
42101009300,1632,1488.0,2925.886029411765,52.5,97.75763612217796,1506,92.27941176470588,33509.0,25.538461538461537,5200.0,114700.0,2342.0,313.8461538461538
42101009400,1336,1471.0,2554.1077844311376,39.0,84.25349794238683,1215,90.94311377245509,26338.0,35.904737250841315,3863.0,94800.0,1666.0,345.84519803261713
42101009500,1303,1492.0,2825.2716807367615,60.0,91.52805280528052,1212,93.01611665387567,34652.0,35.9254327563249,3755.0,79800.0,1604.0,347.0039946737683
42101009600,1629,1481.0,2705.7612031921426,49.0,88.08943089430895,1476,90.60773480662984,50786.0,13.747165532879817,3528.0,108600.0,1490.0,461.734693877551
42101009801,410,1402.0,2668.20243902439,26.0,84.05291005291005,378,92.19512195121952,71029.0,15.099492781896215,2563.0,172400.0,1312.0,159.96878657822865
42101009802,1317,1483.0,2581.680334092635,37.0,83.99841646872525,1263,95.8997722095672,72365.0,19.7338862968723,5787.0,180700.0,3107.0,227.57905650596163
42101010000,1328,1513.0,3048.20406626506,61.0,102.99284578696343,1258,94.7289156626506,51734.0,22.575728710230518,5249.0,157500.0,2684.0,253.00057153743572
42101010100,1999,1510.0,3246.8274137068533,61.0,111.27067669172932,1862,93.14657328664332,44144.0,16.804320203303686,6296.0,111700.0,2379.0,317.50317662007626
42101010200,1118,1534.0,3111.9892665474063,60.0,104.4135265700483,1035,92.57602862254025,29375.0,35.80029368575624,3405.0,80200.0,1327.0,328.3406754772393
42101010300,1157,1491.0,3062.8357821953327,61.0,105.14367816091954,1044,90.23336214347451,33420.0,40.159574468085104,2632.0,120000.0,1310.0,439.58966565349544
42101010400,1142,1528.5,3357.209281961471,62.0,120.13137996219281,1058,92.6444833625219,33804.0,34.60843373493976,3320.0,100900.0,1457.0,343.9759036144578
42101010500,1100,1488.5,3354.878181818182,61.0,117.47383720930233,1032,93.81818181818183,37708.0,29.1472443103921,3647.0,155200.0,1713.0,301.6177680285166
42101010600,754,1510.0,3224.4854111405834,61.0,98.30027932960894,716,94.9602122015915,25000.0,38.92999430848037,1757.0,120100.0,744.0,429.14058053500287
42101010700,1526,1486.0,2970.2096985583225,60.0,100.72614107883817,1446,94.75753604193972,37917.0,31.59839852171235,3247.0,120100.0,1274.0,469.9722821065599
42101010800,1564,1465.0,2810.884271099744,43.0,98.18224932249322,1476,94.37340153452686,29142.0,48.72984316324276,4527.0,257200.0,1701.0,345.48265959796777
42101010900,663,1475.0,2682.481146304676,35.5,89.91009463722398,634,95.62594268476622,31341.0,39.23444976076555,2717.0,320500.0,1301.0,244.01913875598086
42101011000,1427,1482.0,3014.535388927821,43.0,101.8656603773585,1325,92.8521373510862,14983.0,53.71931110296811,2729.0,107200.0,941.0,522.9021619640895
42101011100,2286,1524.5,3330.9536307961503,61.0,108.65725606736008,2019,88.32020997375328,45519.0,27.69693928750627,3986.0,91800.0,1392.0,573.5072754641244
42101011200,1694,1532.0,3130.29279811098,60.0,109.40051513200258,1553,91.67650531286895,28393.0,43.708229902616004,5237.0,119600.0,1801.0,323.4676341416842
42101011300,1208,1734.5,3863.1349337748343,62.0,136.28017621145375,1135,93.95695364238411,38858.0,33.097854526425955,3822.0,122800.0,1567.0,316.0648874934589
42101011400,2098,1512.0,3292.1253574833177,61.0,114.06384065372829,1958,93.32697807435653,40497.0,30.789589766210852,6801.0,201800.0,3181.0,308.4840464637553
42101011500,1326,1505.0,2971.5693815987934,55.0,98.88412698412698,1260,95.02262443438913,81154.0,14.279860684286009,4881.0,157700.0,2754.0,271.6656422864167
42101011700,294,1494.0,2895.0408163265306,24.5,69.59285714285714,280,95.23809523809523,103750.0,24.794238683127574,972.0,282800.0,772.0,302.46913580246917
42101011800,1973,1512.0,2983.846933603649,61.0,97.64566505115778,1857,94.1206284845413,41649.0,34.033280507131536,5048.0,185400.0,2010.0,390.84786053882726
42101011900,1747,1516.0,3057.224384659416,61.0,99.86658431130327,1619,92.67315397824842,61311.0,21.267297887836854,5492.0,121900.0,2587.0,318.0990531682447
42101012000,562,1477.5,2756.576512455516,41.0,91.86617100371747,538,95.72953736654804,65331.0,13.714285714285715,1400.0,421700.0,1080.0,401.4285714285714
42101012100,662,1533.5,3183.737160120846,46.0,102.56792144026187,611,92.29607250755288,51555.0,16.9045830202855,2662.0,243700.0,1284.0,248.68519909842223
42101012201,217,2224.0,3587.557603686636,53.5,113.16666666666667,174,80.18433179723502,39608.0,22.647257955314828,2954.0,,1440.0,73.45971563981043
42101012203,66,833.5,3871.1060606060605,13.0,124.21311475409836,61,92.42424242424242,63750.0,25.977653631284912,1074.0,,723.0,61.452513966480446
42101012204,727,1519.0,3415.5529573590097,25.5,106.6860119047619,672,92.43466299862449,48000.0,19.510823727860558,3557.0,194600.0,1868.0,204.38571830193982
42101012500,1251,334.0,2162.5907274180654,4.0,42.35037720033529,1193,95.36370903277378,,,,,,
42101013100,537,565.0,2023.5921787709497,6.0,46.354285714285716,525,97.76536312849163,32083.0,37.29817007534984,1858.0,357900.0,1037.0,289.0204520990312
42101013200,988,433.5,2097.919028340081,7.0,54.0440251572327,954,96.5587044534413,41898.0,37.504560379423566,2741.0,415100.0,1450.0,360.4523896388179
42101013300,1905,423.0,2122.3811023622047,9.0,67.02498642042369,1841,96.64041994750656,88264.0,11.457142857142857,3500.0,376400.0,2668.0,544.2857142857142
42101013401,825,394.0,2124.6993939393938,7.0,49.74711168164313,779,94.42424242424242,126333.0,7.916102841677943,2956.0,622200.0,1594.0,279.0933694181326
42101013402,1459,689.0,2412.7210418094587,11.0,79.89221984296931,1401,96.02467443454421,89669.0,13.758962103106862,2929.0,601900.0,2241.0,498.122226015705
42101013500,1594,640.5,2420.258469259724,11.0,77.7726975832789,1531,96.04767879548307,143636.0,4.3403629230014715,4078.0,484400.0,2965.0,390.8778813143698
42101013601,748,478.5,2246.889037433155,7.5,66.57062146892656,708,94.6524064171123,107019.0,8.330428720808644,2869.0,461100.0,2095.0,260.7180202161032
42101013602,1154,820.5,2604.199306759099,11.0,82.71543985637344,1114,96.53379549393414,116375.0,4.226415094339623,3975.0,440100.0,2969.0,290.314465408805
42101013700,3150,1017.5,2696.247619047619,21.0,87.39361344537815,2975,94.44444444444444,,,,,,
42101013800,1358,1361.0,3079.343888070692,30.0,103.52664092664092,1295,95.36082474226805,68864.0,9.244102070293692,2077.0,265000.0,1352.0,653.827636013481
42101013900,951,747.0,2569.9537329127234,14.0,80.9803707742639,917,96.4248159831756,41042.0,32.78837420526794,2202.0,256700.0,1264.0,431.8801089918256
42101014000,1878,764.0,2062.9110756123537,15.0,65.28795518207284,1785,95.0479233226837,59375.0,27.622865109794354,5738.0,296400.0,3455.0,327.2917392819798
42101014100,1153,433.0,2213.634865568083,8.0,62.15135135135135,1110,96.27059843885516,21081.0,43.66197183098591,2982.0,332500.0,1272.0,386.65325285043593
42101014200,2929,380.0,1884.4185728917719,6.0,51.82106375484325,2839,96.92727893479002,,,,,,
42101014300,1727,214.0,1951.404748118124,5.0,56.53236539624925,1653,95.71511291256513,118239.0,8.08489135927236,1979.0,460000.0,1555.0,872.6629610914604
42101014400,3235,386.0,1987.7397217928904,7.0,62.64912280701754,3078,95.14683153013911,131027.0,11.466517022072578,5346.0,445700.0,4327.0,605.1253273475495
42101014500,777,466.0,1910.045045045045,11.0,61.304,750,96.52509652509652,33550.0,20.88546679499519,2078.0,243200.0,926.0,373.9172281039461
42101014600,467,596.0,2705.576017130621,9.0,83.38181818181818,440,94.21841541755889,39583.0,32.21957040572792,2514.0,239600.0,2264.0,185.75974542561656
42101014700,967,1167.0,2278.53050672182,21.0,70.79540481400437,914,94.51913133402276,18041.0,75.3238341968912,3088.0,537900.0,1830.0,313.1476683937824
42101014800,370,1056.5,2788.1135135135137,22.0,83.73590504451039,337,91.08108108108108,-666666666.0,35.30066815144766,898.0,290000.0,431.0,412.02672605790644
42101014900,2261,1291.0,3164.2131800088455,22.0,104.82983682983684,2145,94.86952675807166,29458.0,44.048170449282075,4318.0,270600.0,2113.0,523.6220472440945
42101015101,600,966.0,2764.5633333333335,22.0,90.9890909090909,550,91.66666666666666,45963.0,29.866412213740457,2096.0,174200.0,759.0,286.2595419847328
42101015102,1346,1084.0,2794.722882615156,23.0,93.55990602975724,1277,94.87369985141159,23924.0,37.617490805067426,4894.0,118500.0,1797.0,275.030649775235
42101015200,1598,1295.0,2827.4198998748434,30.0,93.50994694960212,1508,94.36795994993741,54416.0,29.8744769874477,5975.0,142900.0,3249.0,267.44769874476987
42101015300,1401,977.0,2117.753033547466,18.0,64.7046317388003,1317,94.00428265524626,28037.0,46.401693320790216,4252.0,221900.0,2675.0,329.4920037629351
42101015600,1646,869.0,2664.8620899149455,14.0,86.58021559923907,1577,95.80801944106926,43750.0,47.88902291917974,1658.0,281700.0,810.0,992.7623642943305
42101015700,2338,524.0,2558.589392643285,8.0,86.2599645704163,2258,96.57827202737383,82500.0,21.22316727420008,2469.0,298800.0,1725.0,946.9420818144998
42101015800,3195,526.0,2224.075117370892,8.0,68.0260078023407,3076,96.2754303599374,123431.0,7.271134472185721,6849.0,369200.0,5042.0,466.4914586070959
42101016000,3491,750.0,2982.466628473217,12.0,100.68588770864947,3295,94.38556287596677,,,,,,
42101016100,4755,503.0,2464.8725552050473,8.5,79.59798334064007,4562,95.94111461619347,102794.0,12.636734693877552,6125.0,347800.0,4347.0,776.3265306122448
42101016200,1054,1068.0,3303.5853889943073,13.0,105.94248234106962,991,94.02277039848197,34677.0,20.65404475043029,2324.0,,799.0,453.5283993115318
42101016300,1782,576.0,2198.6969696969695,9.0,68.3060141509434,1696,95.17396184062851,38660.0,26.287051482059283,2564.0,151800.0,1129.0,695.0078003120125
42101016400,1241,880.0,2373.56567284448,13.0,74.78730703259005,1166,93.95648670427074,20915.0,48.81811395869619,4019.0,110000.0,1470.0,308.783279422742
42101016500,1218,524.0,2300.97947454844,9.0,73.87876182287188,1163,95.48440065681444,26172.0,45.36842105263158,2850.0,81300.0,1149.0,427.36842105263156
42101016600,560,1065.0,3141.6696428571427,12.0,94.0214424951267,513,91.60714285714285,57432.0,35.21758636159713,2229.0,83400.0,1235.0,251.23373710183938
42101016701,1213,1194.0,3016.3322341302555,29.0,106.80577427821522,1143,94.22918384171476,38973.0,29.448728934590118,3501.0,72500.0,1343.0,346.4724364467295
42101016702,1553,924.0,2629.5196394075983,21.0,81.11899791231733,1437,92.53058596265294,31618.0,25.868263473053894,2505.0,,871.0,619.9600798403193
42101016800,1380,1209.5,2883.939130434783,27.0,93.85101404056162,1282,92.89855072463769,15267.0,52.313527180783815,3955.0,57400.0,1649.0,348.92541087231353
42101016901,1679,1193.0,2672.4443120905303,29.0,91.41354838709677,1550,92.31685527099464,27479.0,28.87365911799762,3356.0,61700.0,1480.0,500.29797377830755
42101016902,1754,1294.5,3120.4110604332955,27.0,103.41538461538461,1625,92.64538198403649,22880.0,44.66242038216561,3925.0,69400.0,1428.0,446.8789808917197
42101017000,783,1290.0,3012.8378033205618,14.0,87.50966850828729,724,92.46487867177522,51989.0,21.902332361516034,2744.0,184200.0,1569.0,285.3498542274053
42101017100,1572,1492.0,3404.881679389313,28.0,104.36122733612274,1434,91.22137404580153,27112.0,36.42547928262214,3234.0,70900.0,1515.0,486.0853432282004
42101017201,1322,1604.0,3278.4621785173977,28.0,96.99744897959184,1176,88.95612708018155,25865.0,37.86476868327402,2810.0,53700.0,926.0,470.4626334519573
42101017202,1428,1200.5,2989.5336134453783,31.0,98.52737085582113,1297,90.82633053221288,47102.0,15.605889014722537,4415.0,64300.0,1404.0,323.4428086070215
42101017300,1400,1054.0,2557.574285714286,25.0,82.80469341408025,1321,94.35714285714286,21210.0,46.971935007385525,2031.0,56300.0,706.0,689.3156080748399
42101017400,1006,1095.0,3007.406560636183,17.0,103.26960257787326,931,92.54473161033798,32948.0,36.476942251765685,2407.0,83800.0,885.0,417.94765267968427
42101017500,2054,1043.0,3184.047224926972,15.0,112.72230971128609,1905,92.74586173320351,30149.0,47.15095465393795,6704.0,48500.0,2294.0,306.3842482100239
42101017601,1660,522.0,2249.6825301204817,10.0,66.22862571247624,1579,95.12048192771084,27088.0,44.54086781029263,4955.0,74200.0,1506.0,335.0151362260343
42101017602,837,1311.0,3184.9283154121863,14.0,95.13612565445027,764,91.27837514934289,33750.0,53.57320099255583,4030.0,68500.0,1156.0,207.6923076923077
42101017701,1805,873.0,3468.526869806094,12.0,113.03013863773357,1659,91.91135734072023,36694.0,41.82677165354331,3175.0,56100.0,1124.0,568.503937007874
42101017702,1823,670.0,2778.904552934723,11.0,86.03855140186916,1712,93.91113549094898,28750.0,61.67906482465463,4705.0,46700.0,1386.0,387.4601487778959
42101017800,3407,614.0,2649.1843263868504,8.0,79.51993769470405,3210,94.21778690930437,32009.0,40.565607419796265,6577.0,76500.0,2405.0,518.0173331306066
42101017900,2818,503.0,2644.4084457061745,9.0,80.17951582867784,2685,95.28034066713982,46950.0,39.678243873101785,6651.0,106800.0,2937.0,423.69568485941966
42101018001,1224,1116.0,3858.3676470588234,13.0,138.68307426597582,1158,94.6078431372549,59531.0,5.2395879982086875,2233.0,213700.0,1262.0,548.1415136587551
42101018002,2093,604.0,3121.5346392737697,11.0,109.07766990291262,1957,93.50215002388916,68380.0,8.84708511827156,5369.0,168900.0,2606.0,389.8305084745763
42101018300,1809,1071.0,2961.6528468767274,10.0,95.27340182648402,1752,96.84908789386401,81053.0,12.852112676056338,3976.0,209000.0,2103.0,454.9798792756539
42101018400,1015,1066.0,2826.6256157635466,10.0,88.98635886673662,953,93.89162561576356,57633.0,17.25417439703154,2156.0,212000.0,954.0,470.7792207792208
42101018800,3025,619.0,2787.440330578512,9.0,90.03166133048737,2811,92.92561983471074,,,,,,
42101019000,1380,1315.0,3553.134782608696,17.0,128.7393292682927,1312,95.07246376811594,45814.0,32.08694527105706,7729.0,123600.0,3056.0,178.54832449217233
42101019100,1607,996.0,2919.635967641568,14.0,104.9375,1520,94.58618543870566,65048.0,25.16226240148354,8628.0,144600.0,3343.0,186.2540565600371
42101019200,2710,859.0,3175.170110701107,11.0,107.99395405078597,2481,91.54981549815498,23239.0,45.254140491147915,8755.0,94200.0,2073.0,309.5374071958881
42101019501,1276,846.0,2720.0556426332287,11.0,83.36707818930041,1215,95.21943573667711,23031.0,43.725575336517586,4606.0,96400.0,1510.0,277.02996092053843
42101019502,849,982.0,3197.9811542991756,15.0,114.02130325814537,798,93.99293286219081,28205.0,62.05905408936504,3827.0,75000.0,849.0,221.8447870394565
42101019700,1499,1024.0,3470.1334222815212,12.0,125.06277372262774,1370,91.39426284189459,27979.0,56.225911651348945,6746.0,65700.0,2745.0,222.20575155647794
42101019800,1391,899.0,3015.806613946801,13.0,104.74923312883436,1304,93.74550682961898,37574.0,22.25836431226766,6456.0,78900.0,2405.0,215.45848822800494
42101019900,1713,937.0,3429.242848803269,8.0,113.8001249219238,1601,93.46176298890835,25810.0,48.16105303910182,5166.0,76300.0,1899.0,331.59117305458767
42101020000,838,788.0,3015.54892601432,8.0,91.01401273885351,785,93.67541766109785,17531.0,45.076142131979694,985.0,153800.0,406.0,850.7614213197969
42101020101,1521,1333.0,2721.2031558185404,30.5,92.44130127298445,1414,92.96515450361605,26256.0,32.55594075007879,3173.0,,992.0,479.35707532303815
42101020102,1570,1260.5,2950.048407643312,29.0,98.137321549966,1471,93.69426751592357,39288.0,35.81710414902625,3543.0,117100.0,1766.0,443.1272932543043
42101020200,2082,1059.0,3018.718539865514,26.0,104.00471698113208,1908,91.64265129682997,34576.0,19.493730778329784,4227.0,90300.0,1884.0,492.54790631653657
42101020300,1466,802.0,2679.179399727149,9.0,88.10661764705883,1360,92.76944065484311,41020.0,22.328548644338117,2508.0,81600.0,1432.0,584.5295055821372
42101020400,1384,1375.5,3113.2449421965316,15.0,103.56136183689628,1263,91.25722543352602,43306.0,45.52761213378273,3857.0,99200.0,1571.0,358.8281047446202
42101020500,1273,1030.0,3044.2199528672427,11.0,98.33615580016935,1181,92.77297721916732,-666666666.0,22.307202039515612,3138.0,87100.0,1288.0,405.67240280433396
42101020600,314,834.0,3551.140127388535,7.0,113.32068965517242,290,92.35668789808918,62143.0,13.253012048192772,1743.0,594700.0,1286.0,180.14916810097534
42101020700,1644,1032.5,2949.348540145985,8.0,84.6870925684485,1534,93.30900243309003,,,,,,
42101020800,142,668.0,2827.387323943662,7.0,89.94444444444444,126,88.73239436619718,70560.0,14.745683621091926,2143.0,157400.0,1521.0,66.26224918338777
42101020900,761,838.0,2863.9802890932983,9.0,96.1921458625526,713,93.69250985545335,104435.0,7.6213158678178035,3359.0,353500.0,2565.0,226.55552247692765
42101021000,1375,638.0,2598.615272727273,9.0,79.12762645914397,1285,93.45454545454545,87660.0,12.710714977717497,5161.0,280100.0,3698.0,266.42123619453594
42101021100,578,825.5,2603.8667820069204,8.0,76.83935018050542,554,95.8477508650519,86845.0,6.308411214953271,2568.0,281100.0,1739.0,225.0778816199377
42101021200,500,1559.5,3425.204,24.0,116.63481953290871,471,94.19999999999999,101020.0,8.245315161839864,2935.0,276900.0,2006.0,170.35775127768312
42101021300,851,870.0,2750.4042303172737,12.0,83.59416767922235,823,96.70975323149236,94675.0,10.484119642306506,3243.0,278200.0,2531.0,262.41134751773046
42101021400,1516,429.5,2041.2678100263852,7.0,56.18741450068399,1462,96.43799472295514,84861.0,7.873329459616501,3442.0,291400.0,2840.0,440.4416037187682
42101021500,1107,863.0,2860.216802168022,10.0,86.7581764122894,1009,91.1472448057814,109102.0,4.8560700876095115,3995.0,319400.0,3136.0,277.0963704630788
42101021600,534,505.5,2211.6760299625466,5.0,54.32577319587629,485,90.82397003745318,95200.0,6.37539010254124,2243.0,351400.0,1529.0,238.07400802496656
42101021700,982,1001.0,2632.0,9.0,76.51890756302521,952,96.94501018329939,86989.0,9.519680943298075,5767.0,311100.0,3068.0,170.27917461418414
42101021800,495,1192.0,3544.7737373737373,18.0,85.87089201877934,426,86.06060606060606,74242.0,14.848909345607364,4997.0,317900.0,3029.0,99.05943566139685
42101021900,336,569.5,2526.8958333333335,7.0,73.97523219814242,323,96.13095238095238,71250.0,5.675675675675676,1480.0,274200.0,841.0,227.02702702702703
42101022000,296,702.5,2828.7060810810813,5.0,68.68,275,92.9054054054054,97321.0,1.7595307917888565,1364.0,382100.0,681.0,217.00879765395894
42101023100,317,1296.0,3982.7634069400633,11.5,144.76573426573427,286,90.22082018927445,170625.0,3.750794659885569,1573.0,704700.0,856.0,201.52574698029244
42101023500,470,2064.0,4645.768085106383,8.0,162.84545454545454,440,93.61702127659575,118750.0,3.183229813664596,1288.0,497800.0,746.0,364.90683229813664
42101023600,660,1521.5,3277.0439393939396,7.0,99.89984101748807,629,95.3030303030303,101458.0,7.14900947459087,2322.0,579100.0,1274.0,284.2377260981912
42101023700,1069,1229.0,3240.3835360149674,14.0,107.49031007751938,1032,96.53882132834426,80891.0,6.419279164000853,4689.0,348400.0,2467.0,227.98037961185756
42101023800,1095,1244.0,3388.3497716894976,13.0,114.83653846153847,1040,94.97716894977168,59534.0,18.96942242355606,5298.0,283700.0,3221.0,206.68176670441676
42101023900,373,646.0,2636.2037533512066,8.5,85.28735632183908,348,93.2975871313673,-666666666.0,10.06036217303823,1988.0,217900.0,1037.0,187.625754527163
42101024000,1006,1005.5,3399.3439363817097,16.0,125.19685863874345,955,94.93041749502981,61450.0,18.903355032548824,3994.0,312100.0,2261.0,251.87781672508763
42101024100,541,623.0,2395.129390018484,7.0,72.94003868471954,517,95.56377079482439,16042.0,38.93065998329156,1197.0,312500.0,430.0,451.9632414369256
42101024200,1425,951.0,3353.2266666666665,14.0,125.12091254752852,1315,92.28070175438596,33172.0,22.067464635473343,4595.0,214400.0,2197.0,310.1196953210011
42101024300,1259,1156.0,3593.486100079428,16.0,124.30182133564614,1153,91.58061953931693,48617.0,23.334919124643196,4204.0,172500.0,2213.0,299.476688867745
42101024400,1188,1276.0,3417.053872053872,15.0,113.9666357738647,1079,90.82491582491582,56912.0,27.034611786716557,3207.0,186100.0,1476.0,370.4396632366698
42101024500,1661,1460.0,3123.1041541240215,39.5,111.4658344283837,1522,91.63154726068633,19589.0,48.692070030895984,4855.0,93000.0,1707.0,342.1215242018538
42101024600,1016,1457.0,2541.6437007874015,23.0,83.46812957157785,957,94.19291338582677,34091.0,33.4913112164297,2532.0,194400.0,1220.0,401.2638230647709
42101024700,1712,1458.5,3338.8008177570096,45.5,122.76154806491886,1602,93.57476635514018,40714.0,23.305785123966942,4235.0,123300.0,1962.0,404.25029515938604
42101024800,718,1509.5,3315.724233983287,29.0,101.58850226928895,661,92.06128133704735,43347.0,34.60674157303371,2225.0,120400.0,999.0,322.6966292134831
42101024900,1045,1461.0,2822.7043062200955,35.0,95.81432896064581,991,94.83253588516747,28855.0,34.16220351951033,2614.0,121800.0,1050.0,399.7704667176741
42101025200,1774,1494.0,3332.654453213078,33.0,112.279754601227,1630,91.8827508455468,27675.0,29.391979301423028,7730.0,147600.0,3618.0,229.49547218628717
42101025300,1393,1434.0,3025.1931083991385,32.0,104.156346749226,1292,92.7494615936827,52207.0,16.0853942084126,4731.0,184000.0,2540.0,294.4409215810611
42101025400,993,1439.0,2791.3756294058408,23.0,97.46087888531619,933,93.95770392749245,70234.0,11.224216447897135,3733.0,279200.0,2048.0,266.0058933833378
42101025500,620,1139.0,2772.7096774193546,11.0,89.0982456140351,570,91.93548387096774,71389.0,6.659544159544159,2808.0,362800.0,1435.0,220.7977207977208
42101025600,551,1268.0,3034.266787658802,7.0,97.08490566037736,530,96.18874773139746,99944.0,1.7411052233156699,2642.0,400600.0,1628.0,208.554125662377
42101025700,522,2012.0,3935.235632183908,23.5,136.836,500,95.78544061302682,62516.0,7.947551511907948,3737.0,447300.0,2251.0,139.68423869413968
42101025800,320,1141.0,2990.159375,8.0,102.47603833865814,313,97.8125,48100.0,15.880758807588075,1845.0,290500.0,835.0,173.44173441734418
42101025900,843,1585.0,4146.553973902728,61.0,156.23803680981595,815,96.6785290628707,54229.0,12.941455321166154,4219.0,205100.0,1999.0,199.8103816070159
42101026000,547,1511.0,3949.26873857404,41.5,137.76037735849056,530,96.89213893967093,62651.0,14.388489208633093,3058.0,189900.0,1506.0,178.8750817527796
42101026100,650,1509.0,3878.7415384615383,45.0,136.20760697305863,631,97.07692307692307,54132.0,4.679802955665025,2842.0,262700.0,1621.0,228.7121745249824
42101026200,818,1485.0,3399.667481662592,38.0,121.36317780580076,793,96.9437652811736,71943.0,18.016446548716672,4013.0,207500.0,2082.0,203.83752803388984
42101026301,808,1483.0,3779.111386138614,23.0,136.08093994778068,766,94.80198019801979,57992.0,15.398053406538558,4007.0,203900.0,2187.0,201.6471175442975
42101026302,1509,1576.0,3566.2379058979454,34.5,123.57534246575342,1460,96.75281643472499,70182.0,9.406593406593407,4550.0,194900.0,2743.0,331.64835164835165
42101026400,1263,1608.0,3476.7711797307998,40.0,117.94003378378379,1184,93.74505146476643,60107.0,9.518735570946546,5631.0,190600.0,2862.0,224.29408630793822
42101026500,1330,1641.0,3700.8646616541355,51.5,128.6328,1250,93.98496240601504,46181.0,26.954334365325078,5168.0,159300.0,2227.0,257.35294117647055
42101026600,1723,1459.0,2879.35461404527,39.0,98.81159420289855,1656,96.11143354614046,39788.0,21.890191592793823,6994.0,157200.0,3496.0,246.3540177294824
42101026700,1839,1451.0,2917.5600870038065,20.5,98.68083900226758,1764,95.92169657422512,45667.0,19.207235967012505,7518.0,147900.0,3287.0,244.61292897047088
42101026800,1100,1298.0,2964.493636363636,13.0,94.10137795275591,1016,92.36363636363636,45768.0,27.238805970149254,4020.0,204300.0,1911.0,273.6318407960199
42101026900,408,930.0,3138.502450980392,8.0,108.79473684210527,380,93.13725490196079,83857.0,14.196940726577436,2092.0,296300.0,1292.0,195.02868068833652
42101027000,522,853.5,3621.235632183908,6.0,113.19409282700423,474,90.80459770114942,91882.0,7.621951219512195,2624.0,313700.0,1393.0,198.9329268292683
42101027100,638,712.5,2847.1097178683385,8.0,97.53333333333333,600,94.04388714733543,58296.0,10.193599367838798,2531.0,157400.0,1276.0,252.07427894113
42101027200,760,1269.5,3364.988157894737,16.0,124.14444444444445,720,94.73684210526315,61146.0,20.326223337515685,4782.0,171300.0,2600.0,158.92931827687158
42101027300,1273,962.0,3105.5326001571093,9.0,100.81521739130434,1196,93.95129615082483,40618.0,25.870380289234063,5601.0,123200.0,2862.0,227.2808427066595
42101027401,801,498.0,2679.347066167291,7.0,86.98157894736842,760,94.88139825218477,46952.0,24.914675767918087,3223.0,143600.0,1484.0,248.52621780949428
42101027402,1440,880.5,2787.286111111111,9.0,96.00937274693584,1387,96.31944444444444,61430.0,33.05457122608079,7055.0,123600.0,3146.0,204.11055988660524
42101027500,1053,831.0,2737.130104463438,9.0,90.51020408163265,980,93.06742640075973,54261.0,19.849300322927878,4645.0,124900.0,2490.0,226.69537136706137
42101027600,974,1237.0,2611.334702258727,10.0,78.60826985854189,919,94.35318275154005,44802.0,27.471716674864734,4066.0,143600.0,2237.0,239.5474667978357
42101027700,1618,1488.0,3073.661928306551,38.0,101.87524883875248,1507,93.13967861557478,33944.0,32.15316528766596,5197.0,121700.0,2523.0,311.33346161246874
42101027800,1410,1452.0,2540.239007092199,29.0,79.36519790888723,1339,94.9645390070922,37820.0,21.487603305785125,5082.0,142000.0,2492.0,277.4498229043684
42101027901,1462,1435.0,2486.1347469220245,36.0,83.15490909090909,1375,94.04924760601915,37813.0,28.43980343980344,3256.0,117800.0,1523.0,449.017199017199
42101027902,701,1467.0,2760.104136947218,25.0,80.20092735703246,647,92.29671897289586,43205.0,23.893805309734514,3164.0,104300.0,2222.0,221.55499367888748
42101028000,1496,1274.5,2832.821524064171,22.0,94.15345454545455,1375,91.91176470588235,34143.0,28.430902111324375,4168.0,93100.0,1338.0,358.92514395393476
42101028100,1348,1465.0,3207.822700296736,33.0,102.17165354330709,1270,94.21364985163204,48750.0,28.043259557344065,3976.0,124500.0,2186.0,339.03420523138834
42101028200,1230,1064.0,2980.917886178862,10.0,99.7170818505338,1124,91.3821138211382,20674.0,47.49789739276703,4756.0,112200.0,1996.0,258.62068965517244
42101028300,1605,908.0,2437.446105919003,9.0,76.41128484024473,1471,91.65109034267913,33307.0,47.459746756292006,6397.0,105600.0,2029.0,250.8988588400813
42101028400,1105,1050.0,3211.0633484162895,13.0,107.37865911237016,1059,95.83710407239819,24872.0,48.067834306366414,3597.0,89500.0,1282.0,307.2004448151237
42101028500,691,614.0,2479.1447178002895,8.0,84.23639191290825,643,93.05354558610709,70417.0,56.157240272763744,2493.0,131500.0,1040.0,277.1760930605696
42101028600,1727,1024.0,3044.9409380428488,12.0,104.94201110425664,1621,93.86218876664736,58350.0,24.040114613180517,6980.0,119800.0,3513.0,247.42120343839542
42101028700,675,504.0,3003.645925925926,8.0,102.9953488372093,645,95.55555555555556,32609.0,54.30535455861071,2764.0,95600.0,947.0,244.21128798842255
42101028800,1373,1131.0,3273.225054624909,17.0,116.03467297084319,1269,92.42534595775673,40137.0,33.311883311883314,4662.0,150900.0,2063.0,294.50879450879455
42101028901,806,1292.0,3575.2009925558314,19.0,121.3372859025033,759,94.16873449131513,31434.0,32.07970112079701,4015.0,111700.0,1464.0,200.74719800747198
42101028902,1149,1092.0,3366.066144473455,13.0,119.58768656716418,1072,93.29852045256744,38759.0,36.60100062539087,6396.0,97300.0,2914.0,179.6435272045028
42101029000,1531,1223.0,3632.8896146309603,18.0,130.5805535841022,1409,92.03135205747877,39878.0,22.613496932515336,8150.0,116500.0,3268.0,187.8527607361963
42101029100,898,1490.5,3785.9532293986636,15.0,123.48250904704463,829,92.3162583518931,32746.0,34.43002780352178,4316.0,142100.0,1977.0,208.06302131603334
42101029200,1047,1059.0,3389.478510028653,11.0,113.82502543234995,983,93.8872970391595,82784.0,8.738963097124746,4417.0,151100.0,2642.0,237.03871405931628
42101029300,1077,932.0,2618.689879294336,14.0,84.89366053169734,978,90.80779944289694,63048.0,36.425148012404854,3547.0,72300.0,1444.0,303.63687623343674
42101029400,1535,1238.0,3089.343973941368,19.0,103.70514603616134,1438,93.68078175895765,22649.0,56.07914605571466,3841.0,81500.0,1323.0,399.6355115855246
42101029800,1714,534.0,2331.0227537922988,11.0,79.47953573610263,1637,95.50758459743291,37188.0,36.38452700114899,5222.0,111400.0,2295.0,328.2267330524703
42101029900,1445,722.0,2676.934256055363,13.0,91.96317689530686,1385,95.8477508650519,33852.0,40.594945202415566,4471.0,103700.0,1831.0,323.19391634980985
42101030000,2241,910.0,2987.800089245872,15.0,102.5361216730038,2104,93.88665774207942,33205.0,38.003375934410414,8294.0,126200.0,3081.0,270.19532191945984
42101030100,1590,1174.0,3167.2572327044027,26.5,111.25170998632011,1462,91.9496855345912,23897.0,44.15973377703827,6010.0,173000.0,2943.0,264.55906821963396
42101030200,1952,1547.5,3282.4441598360654,17.0,109.74573472757292,1817,93.08401639344262,51000.0,17.742137576744767,7981.0,139500.0,3423.0,244.58087958902394
42101030501,1032,1314.5,3077.5377906976746,32.0,115.32965931863727,998,96.70542635658916,43673.0,33.683784876668014,4946.0,144000.0,2234.0,208.65345733926404
42101030502,1261,1415.0,3341.125297383029,34.0,120.24702886247877,1178,93.41792228390166,62270.0,16.88454658043209,7267.0,159900.0,2651.0,173.5241502683363
42101030600,1594,1412.0,3340.405897114178,25.0,117.23968042609853,1502,94.22835633626097,58231.0,11.481691739994323,7046.0,179800.0,3880.0,226.22764689185354
42101030700,760,969.5,3736.169736842105,9.0,131.14187327823691,726,95.52631578947368,56641.0,17.939366309550948,4387.0,210700.0,2504.0,173.2391155687258
42101030800,870,636.5,3336.962068965517,7.0,110.89878048780488,820,94.25287356321839,59732.0,9.608138658628485,5308.0,215500.0,2564.0,163.9035418236624
42101030900,708,1119.0,3113.8290960451977,25.5,107.06952662721893,676,95.48022598870057,53088.0,16.999327203408836,4459.0,170400.0,2120.0,158.77999551468938
42101031000,1188,1100.0,2810.1835016835016,9.0,94.50089126559715,1122,94.44444444444444,53914.0,27.09334025704271,7703.0,253400.0,3293.0,154.22562637933274
42101031101,853,937.0,2774.773739742087,22.5,96.9647201946472,822,96.36576787807736,48663.0,24.126565589980224,4551.0,144100.0,2376.0,187.4313337727972
42101031102,908,1534.0,3521.6662995594716,24.5,131.11888111888112,858,94.49339207048459,50927.0,15.619047619047619,4725.0,149200.0,1992.0,192.16931216931215
42101031200,907,791.0,2908.8401323043,7.0,97.9766355140187,856,94.37706725468577,56662.0,13.560975609756099,5125.0,140800.0,3199.0,176.97560975609755
42101031300,1030,1500.0,4045.9436893203883,22.0,143.96509240246405,974,94.5631067961165,66521.0,19.44098519440985,7227.0,177200.0,3583.0,142.52110142521101
42101031401,894,1187.5,3846.2472035794185,26.0,144.62975778546712,867,96.97986577181209,55864.0,27.045052402341092,7347.0,187900.0,3353.0,121.68231931400572
42101031402,916,1070.0,3531.032751091703,13.0,122.90732265446225,874,95.41484716157204,53633.0,27.281795511221947,6015.0,172800.0,2763.0,152.28595178719868
42101031501,1331,1124.0,2988.43350864012,11.0,98.12041467304626,1254,94.21487603305785,57310.0,19.452722839338932,7382.0,236700.0,3997.0,180.30344080195067
42101031502,837,1514.0,2947.9964157706095,25.0,95.31180124223603,805,96.1768219832736,44593.0,12.672998643147897,3685.0,229200.0,1786.0,227.1370420624152
42101031600,1258,1820.0,3366.825119236884,44.0,114.85893155258765,1198,95.23052464228935,53167.0,21.79114128677659,6186.0,194300.0,2930.0,203.3624312964759
42101031700,1324,1564.0,2919.6586102719034,22.0,97.8832807570978,1268,95.77039274924472,36758.0,23.273741184188946,6097.0,171200.0,3382.0,217.15597835000818
42101031800,757,1544.0,3163.479524438573,39.5,115.75774647887324,710,93.79128137384413,58607.0,21.316691140479687,4086.0,137700.0,2248.0,185.26676456191873
42101031900,1344,1692.5,3223.7589285714284,39.0,108.71857707509882,1265,94.12202380952381,47843.0,31.93560464245601,5342.0,137800.0,2480.0,251.5911643579184
42101032000,2033,1297.0,3015.3836694540087,22.0,104.55383822771768,1941,95.4746679783571,58213.0,21.770608408484694,7873.0,163800.0,3108.0,258.2243109361108
42101032100,1032,1376.0,3056.9777131782944,28.5,107.58144329896908,970,93.9922480620155,48088.0,23.388581952117864,3801.0,177800.0,2069.0,271.50749802683504
42101032300,1075,1364.0,3492.698604651163,26.0,120.98151750972762,1028,95.62790697674419,34667.0,34.85766202301635,3302.0,111800.0,1384.0,325.56026650514843
42101032500,1770,965.0,2868.6553672316386,10.0,95.98506571087216,1674,94.57627118644068,50876.0,23.384464751958227,6128.0,180800.0,2904.0,288.83812010443864
42101032600,1679,1698.0,3470.6640857653365,34.5,119.47890025575448,1564,93.15068493150685,70711.0,10.596120935539076,7012.0,172300.0,3928.0,239.44666286366228
42101032900,1134,1599.5,3340.8985890652557,22.0,114.67516525023608,1059,93.38624338624338,46914.0,14.578774617067833,3656.0,184800.0,1917.0,310.17505470459514
42101033000,1729,1487.0,2798.9577790630424,32.0,97.84778653729533,1649,95.37304800462695,68227.0,30.39157225203737,10062.0,178900.0,4411.0,171.83462532299743
42101033101,1069,777.0,2491.7006548175864,14.0,86.37413622902271,1013,94.76145930776426,70882.0,23.65790447982229,5402.0,218400.0,2435.0,197.8896704924102
42101033102,1068,1411.0,2901.4101123595506,17.0,100.2603550295858,1014,94.9438202247191,83145.0,13.099535843218154,3878.0,208700.0,2087.0,275.3996905621454
42101033200,1319,882.0,2755.1705837755876,14.0,88.84566428003183,1257,95.29946929492039,80409.0,17.783589408303367,3059.0,299400.0,1627.0,431.1866623079438
42101033300,1532,1034.5,3358.9719321148823,15.0,119.82656572608397,1453,94.84334203655352,49178.0,13.872286882667506,3179.0,272300.0,1340.0,481.9125511167034
42101033400,1166,1251.0,3405.5771869639793,14.0,106.5650623885918,1122,96.22641509433963,54267.0,22.377894532010117,5139.0,239600.0,2729.0,226.89239151585912
42101033500,735,1270.0,2970.6761904761906,17.0,110.32398316970547,713,97.00680272108843,56151.0,20.89108910891089,4040.0,224600.0,1979.0,181.93069306930693
42101033600,1171,1390.0,3547.543979504697,29.0,127.1385435168739,1126,96.15713065755764,46797.0,32.0922832140016,6285.0,244000.0,3366.0,186.31662688941924
42101033701,646,1220.0,3171.766253869969,15.0,101.91442953020135,596,92.26006191950464,51319.0,21.514298414579937,6749.0,241500.0,3338.0,95.71788413098237
42101033702,1006,1501.0,3492.6729622266403,24.0,111.61829652996846,951,94.53280318091451,78689.0,7.590685176892073,4466.0,233900.0,2138.0,225.25750111957007
42101033800,1467,1259.0,3101.433537832311,19.0,109.48002853067047,1402,95.56918882072256,67160.0,8.171446191797719,6486.0,237300.0,3186.0,226.1794634597595
42101033900,670,1465.0,3637.8149253731344,21.0,133.85624012638232,633,94.47761194029852,55636.0,17.25375081539465,3066.0,266000.0,1237.0,218.52576647097194
42101034000,555,1385.0,3689.893693693694,16.5,128.00559701492537,536,96.57657657657658,99181.0,0.9223918575063612,3144.0,293500.0,1773.0,176.5267175572519
42101034100,1465,220.0,2105.8723549488054,5.0,73.0488856937455,1391,94.94880546075085,69623.0,10.91283459162663,5828.0,259000.0,2691.0,251.372683596431
42101034200,516,1634.5,3468.0562015503874,27.0,119.82758620689656,493,95.54263565891473,62686.0,12.233285917496444,3515.0,307100.0,1581.0,146.79943100995732
42101034400,1446,973.0,2591.647302904564,10.0,76.18611309949893,1397,96.61134163208852,106059.0,4.782160350605826,7758.0,340100.0,4242.0,186.38824439288476
42101034501,343,1042.0,3053.5568513119533,28.0,115.79439252336448,321,93.58600583090379,44094.0,18.244197780020183,4955.0,321000.0,2552.0,69.22300706357215
42101034502,1042,1269.0,2764.066218809981,12.0,93.32335329341318,1002,96.1612284069098,55439.0,14.280252341808449,5231.0,230400.0,2730.0,199.1970942458421
42101034600,376,629.5,3204.06914893617,8.5,109.88068181818181,352,93.61702127659575,54737.0,7.241508025382605,2679.0,,1472.0,140.35087719298244
42101034701,1181,1064.0,3489.1236240474173,8.0,108.68878923766816,1115,94.41151566469094,75765.0,9.98951232302045,7628.0,246700.0,3836.0,154.82433141059255
42101034702,666,602.0,3156.930930930931,6.0,107.4384858044164,634,95.1951951951952,100129.0,6.719022687609074,3438.0,268100.0,1783.0,193.717277486911
42101034801,836,1452.0,3278.8624401913876,14.0,111.01517067003793,791,94.61722488038278,65673.0,11.054530023339698,4713.0,204000.0,2505.0,177.3817101633779
42101034802,872,732.0,2782.012614678899,10.5,97.34558823529412,816,93.57798165137615,70417.0,7.505248425472358,5716.0,275900.0,3121.0,152.55423372988102
42101034803,759,1054.0,3411.014492753623,9.0,116.2995839112344,721,94.99341238471673,84336.0,12.763258056330882,3941.0,256000.0,2011.0,192.59071301700075
42101034900,1586,1895.5,4515.196721311476,39.0,173.04796802131912,1501,94.64060529634301,59563.0,16.83957021118933,5398.0,171800.0,2622.0,293.81252315672475
42101035100,369,1355.0,3300.728997289973,17.0,118.71847507331378,341,92.41192411924119,70000.0,15.673644659151906,3726.0,222300.0,1822.0,99.03381642512076
42101035200,793,618.0,2933.931904161412,5.0,90.46448087431693,732,92.3076923076923,77500.0,5.984467793513019,4378.0,279700.0,2552.0,181.13293741434444
42101035301,940,988.0,3694.5648936170214,17.0,138.554932735426,892,94.8936170212766,87083.0,3.7799327132396594,5053.0,257600.0,2932.0,186.02810211755394
42101035302,703,1339.0,4015.8933143669988,20.0,146.2173913043478,667,94.87908961593172,74000.0,7.034747388616499,4691.0,275600.0,2214.0,149.86143679386058
42101035500,1231,996.0,2799.2526401299756,14.0,90.60825610783488,1187,96.42567018683997,65553.0,14.739652870493991,7490.0,295300.0,3389.0,164.3524699599466
42101035601,920,648.5,2522.970652173913,7.0,73.6946386946387,858,93.26086956521739,59257.0,7.458024209293244,5122.0,288800.0,2316.0,179.61733697774307
42101035602,555,1095.0,3817.4900900900902,12.0,130.64365671641792,536,96.57657657657658,105024.0,3.1482541499713794,3494.0,332400.0,1837.0,158.84373211219233
42101035701,437,1097.0,2403.858123569794,13.0,80.91252955082743,423,96.79633867276888,59013.0,11.590861454621674,4771.0,262100.0,2463.0,91.59505344791448
42101035702,611,1565.0,3282.8068739770865,21.0,114.7135593220339,590,96.56301145662847,63115.0,20.581468312068605,4781.0,276000.0,2314.0,127.79753189709267
42101035800,893,1368.0,2837.0246360582305,13.0,89.18030842230131,843,94.40089585666294,58979.0,13.904356370782835,6106.0,308700.0,2704.0,146.24959056665574
42101035900,1013,737.0,2354.928923988154,12.0,75.7092419522326,963,95.06416584402764,47593.0,17.548465266558967,4952.0,287100.0,1936.0,204.5638126009693
42101036000,479,1081.0,3479.5135699373695,20.0,130.86222222222221,450,93.94572025052193,60598.0,18.56720341767992,3043.0,297900.0,1477.0,157.410450213605
42101036100,520,710.5,3237.7826923076923,13.0,121.28131416837782,487,93.65384615384616,81354.0,4.783653846153846,4160.0,263100.0,2468.0,125.0
42101036201,715,816.0,3199.5426573426575,11.0,113.4517087667162,673,94.12587412587412,88472.0,12.719381015285903,5299.0,239200.0,2529.0,134.93111907907152
42101036202,1071,923.0,3430.091503267974,11.0,120.83921568627451,1020,95.23809523809523,90043.0,5.499573014517507,5855.0,261100.0,3059.0,182.92058070025618
42101036203,1044,997.5,3786.2988505747126,11.0,124.61546499477534,957,91.66666666666666,80833.0,5.172774869109947,4775.0,266000.0,2447.0,218.63874345549738
42101036301,1031,544.0,3771.9030067895246,4.0,125.22011952191235,1004,97.3811833171678,92578.0,16.23152709359606,4060.0,255700.0,2213.0,253.94088669950736
42101036302,664,767.5,3068.737951807229,12.0,104.53605015673982,638,96.08433734939759,76910.0,10.103499260719566,4058.0,223100.0,2073.0,163.62740266140958
42101036303,1207,961.0,3927.5459817729907,10.0,137.3022026431718,1135,94.0347970173985,108414.0,4.638492121926078,6791.0,268500.0,3675.0,177.7352378147548
42101036400,281,1639.0,4463.053380782918,7.0,127.71272727272728,275,97.86476868327402,102143.0,27.55813953488372,860.0,421500.0,283.0,326.74418604651163
42101036501,626,1373.0,3584.8578274760384,14.0,112.51945854483925,591,94.40894568690096,77910.0,13.735199138858988,4645.0,315000.0,2839.0,134.7685683530678
42101036502,704,1194.5,3087.2258522727275,13.0,103.92815249266862,682,96.875,93879.0,4.92530345471522,4284.0,318300.0,2474.0,164.3323996265173
42101036600,953,304.0,2335.3620146904514,5.0,42.21185510428101,911,95.59286463798531,156061.0,3.0085316569375844,2227.0,505900.0,1541.0,427.92995060619666
42101036700,2748,283.5,1754.3049490538574,6.0,39.49813710879285,2684,97.67103347889375,172610.0,10.135696482968706,3611.0,621400.0,2927.0,761.0080310163389
42101036900,797,1028.0,3015.944792973651,5.0,57.57948717948718,780,97.86700125470514,,,,,,
42101037200,1540,920.5,3416.64025974026,10.0,103.71457905544148,1461,94.87012987012987,66431.0,18.60643185298622,3918.0,282000.0,1941.0,393.0576824910669
42101037300,905,545.0,2602.6066298342544,7.5,65.4775413711584,846,93.48066298342542,113974.0,5.720106566368908,6381.0,440300.0,3513.0,141.82729979627018
42101037500,905,1476.0,2739.332596685083,21.0,81.78504672897196,856,94.58563535911603,76439.0,16.856351891725623,3251.0,251900.0,2021.0,278.375884343279
42101037600,1954,379.0,1847.2635619242578,7.0,42.04814814814815,1890,96.72466734902764,101268.0,21.07873527588345,3226.0,384500.0,2250.0,605.7036577805331
42101037700,1157,1026.0,2606.0432152117546,11.0,77.79855465221318,1107,95.67847882454625,22244.0,51.30266075388027,3608.0,204200.0,2173.0,320.67627494456764
42101037800,2386,431.5,3040.8218776194467,5.0,81.82678883071553,2292,96.06035205364627,60000.0,12.099322799097067,2215.0,277400.0,1388.0,1077.2009029345372
42101037900,2106,588.5,3228.2260208926878,10.0,107.45072536268134,1999,94.91927825261158,69198.0,20.352595494613123,5105.0,218200.0,3209.0,412.5367286973555
42101038000,1087,1379.0,3857.48758049678,18.0,135.07843137254903,1020,93.83624655013799,59167.0,15.834970530451868,2545.0,149000.0,1072.0,427.11198428290766
42101038100,1035,1272.0,3158.2115942028986,7.0,103.51881993896237,983,94.97584541062803,36776.0,26.923076923076923,780.0,99200.0,401.0,1326.923076923077
42101038200,2086,624.0,2945.4261744966443,11.0,98.12756378189094,1999,95.82933844678811,40837.0,31.181269953884357,2819.0,92900.0,1069.0,739.9787158566867
42101038300,1281,1248.0,3675.183450429352,10.0,124.24259868421052,1216,94.92583918813428,,,,,,
42101038400,412,854.5,3075.3228155339807,6.0,92.82085561497327,374,90.77669902912622,107037.0,1.8979833926453145,2529.0,341800.0,1377.0,162.91024120205617
42101038500,459,469.0,2192.962962962963,5.0,56.37557603686636,434,94.55337690631809,114265.0,4.767246214245653,1783.0,746900.0,988.0,257.43129556926533
42101038600,364,864.0,2390.6703296703295,5.0,41.75949367088607,316,86.81318681318682,164167.0,1.2940330697340043,1391.0,784600.0,733.0,261.6822429906542
42101038700,476,1076.0,2758.9495798319326,5.0,77.31180400890868,449,94.32773109243698,125625.0,8.16326530612245,1862.0,656100.0,1289.0,255.6390977443609
42101038800,1027,1415.0,3322.2229795520934,11.0,101.64568527918782,985,95.91041869522883,107891.0,5.110426296866975,3894.0,376700.0,2176.0,263.7390857729841
42101038900,855,1484.0,2982.7508771929824,41.0,100.14782608695653,805,94.15204678362574,58514.0,19.835197174808712,3398.0,249200.0,1507.0,251.61859917598588
42101039000,1551,1057.0,3349.058027079304,12.0,115.67445054945055,1456,93.8749194068343,,,,,,
42101980000,1823,668.0,2666.437191442677,4.0,54.838071693448704,1618,88.75479978058146,,,,,,
42101980100,404,2434.5,4509.6361386138615,3.5,86.03680981595092,326,80.6930693069307,103727.0,0.0,307.0,601900.0,139.0,1315.9609120521172
42101980200,823,427.0,2694.102065613609,2.0,41.82539682539682,756,91.85905224787363,-666666666.0,37.878787878787875,66.0,,40.0,12469.696969696968
42101980300,237,2040.0,4484.354430379747,5.0,98.89592760180996,221,93.24894514767934,-666666666.0,,0.0,,0.0,inf
42101980400,27,26.0,2397.925925925926,1.0,70.79166666666667,24,88.88888888888889,-666666666.0,,0.0,,0.0,inf
42101980500,58,1058.5,2757.1724137931033,3.5,22.61904761904762,42,72.41379310344827,-666666666.0,,0.0,,0.0,inf
42101980600,169,76.0,1640.4378698224853,1.0,17.433962264150942,159,94.0828402366864,-666666666.0,,0.0,,0.0,inf
42101980700,556,755.0,3190.2086330935253,7.0,75.66231343283582,536,96.40287769784173,,,,,,
42101980800,250,2897.5,4266.188,3.0,33.69230769230769,208,83.2,-666666666.0,,0.0,,0.0,inf
42101980900,726,1485.5,3590.741046831956,19.0,88.66666666666667,690,95.0413223140496,,,,,,
42101989100,170,1080.5,4075.7705882352943,4.0,137.80891719745222,157,92.3529411764706,-666666666.0,15.789473684210526,38.0,,10.0,4473.684210526316
